"people_id","party","legislator_name","last_name","ballotpedia","district_number","chamber","termination_date","setting_party_loyalty","leg_party_loyalty","leg_n_votes_denom_loyalty","leg_n_votes_party_line_partisan","leg_n_votes_party_line_bipartisan","leg_n_votes_cross_party","leg_n_votes_absent_nv","leg_n_votes_independent","leg_n_votes_other","rank_partisan_leg_R","rank_partisan_leg_D","n_white","n_hispanic","n_black","n_asian","n_native","n_pacific","n_total_demo","pct_white","pct_hispanic","pct_black","pct_asian","pct_napi","source_demo","year_demo","avg_pct_D","avg_pct_R","avg_party_lean","avg_party_lean_points_abs","avg_party_lean_points_R","incumb_people_id","rank_partisan_dist_R","rank_partisan_dist_D"
23359,"R","Adam Anderson","Anderson","http://ballotpedia.org/Adam_Anderson",57,"House",NA,"partisan_cross",0.990610328638498,213,211,1052,2,82,1,0,39,NA,123338,10473,6106,3529,607,35,144207,0.855284417538677,0.072624768561859,0.0423419112803123,0.0244717662804163,0.00445193367867024,"CVAP",2022,0.415830988552532,0.570459412752059,"R",15,15,23359,48,72
22261,"R","Adam Botana","Botana","http://ballotpedia.org/Adam_Botana",80,"House",NA,"partisan_cross",0.990654205607477,214,212,992,2,38,0,0,38,NA,133772,10650,2097,2686,477,53,149903,0.892390412466728,0.0710459430431679,0.0139890462499083,0.0179182538041267,0.00353561970073981,"CVAP",2022,0.339456088222272,0.652638872546005,"R",31,31,22261,19,102
21782,"R","Alejandro Rizo","Rizo","http://ballotpedia.org/Alex_Rizo",112,"House",NA,"partisan_cross",0.995391705069124,217,216,1025,1,33,1,0,27,NA,5155,91512,1733,458,82,4,98989,0.0520764933477457,0.924466354847508,0.0175069957267979,0.00462677671256402,0.000868783400175777,"CVAP",2022,0.342983257690758,0.648363355710255,"R",31,31,21782,21,104
19919,"R","Alex Andrade","Andrade","http://ballotpedia.org/Alex_Andrade",2,"House",NA,"partisan_cross",0.979381443298969,194,190,963,4,44,4,0,63,NA,102889,6984,25864,4420,2075,230,143001,0.719498465045699,0.0488388193089559,0.180865868070853,0.0309088747631135,0.016118768400221,"CVAP",2022,0.393921622563684,0.586063438960723,"R",19,19,19919,42,76
23320,"R","Alexis Calatayud","Calatayud","http://ballotpedia.org/Alexis_Calatayud",38,"Senate",NA,"partisan_cross",0.965714285714286,175,169,1258,6,45,0,0,21,NA,73729,214893,44747,7750,895,75,343405,0.214699844207277,0.625771319578923,0.13030386860995,0.0225681047160059,0.00282465310639041,"CVAP",2022,0.518889667397938,0.470930320379531,"D",5,-5,23320,28,13
23330,"R","Alina Garcia","Garcia","http://ballotpedia.org/Alina_Garcia",115,"House",NA,"partisan_cross",0.975369458128079,203,198,897,5,16,4,0,67,NA,33449,75952,6548,2994,300,30,119795,0.27921866521975,0.634016444759798,0.0546600442422472,0.0249926958554197,0.00275470595600818,"CVAP",2022,0.47219125251499,0.517788076270135,"R",5,5,23330,70,53
21700,"D","Allison Tant","Tant","http://ballotpedia.org/Allison_Tant",9,"House",NA,"partisan_cross",0.850515463917526,194,165,1031,29,83,5,7,NA,28,103723,8039,26577,4010,934,70,143562,0.722496203730792,0.0559967122218972,0.185125590337276,0.0279321826109973,0.00699349410011006,"CVAP",2022,0.523551978854558,0.462137281994059,"D",6,-6,21700,82,38
20905,"R","Ana Rodriguez","Rodriguez","http://ballotpedia.org/Ana_Maria_Rodriguez",40,"Senate",NA,"partisan_cross",0.970443349753695,203,197,1606,6,14,1,0,20,NA,82624,238688,25654,5748,1024,149,354498,0.233073247239759,0.673312684415709,0.0723671219583749,0.0162144779378163,0.00330890442259195,"CVAP",2022,0.429840148425817,0.559571117543529,"R",13,13,20905,22,19
22550,"D","Angela Nixon","Nixon","http://ballotpedia.org/Angela_Nixon",13,"House",NA,"partisan_cross",0.989071038251366,183,181,826,2,172,61,9,NA,2,58635,7173,66298,3299,835,120,136400,0.429875366568915,0.0525879765395894,0.486055718475073,0.0241862170087977,0.00700146627565982,"CVAP",2022,0.617712099531427,0.366984013946359,"D",25,-25,22550,101,20
19701,"D","Anna Eskamani","Eskamani","http://ballotpedia.org/Anna_Eskamani",42,"House",NA,"partisan_cross",0.971311475409836,244,237,1051,7,12,49,11,NA,9,97458,25943,12813,5880,995,10,143534,0.678988950353226,0.180744631933897,0.0892680479886299,0.0409659035489849,0.00700182535148467,"CVAP",2022,0.563758607936144,0.419839212043601,"D",14,-14,19701,92,29
23329,"D","Ashley Gantt","Gantt","http://ballotpedia.org/Ashley_Gantt",109,"House",NA,"partisan_cross",0.972,250,243,1050,7,62,70,13,NA,8,5564,52772,49914,873,162,59,109392,0.0508629515869533,0.482411876554044,0.45628565160158,0.00798047389205792,0.00202025742284628,"CVAP",2022,0.759898522770007,0.229014159935405,"D",53,-53,23329,116,6
12360,"R","Ben Albritton","Albritton","http://ballotpedia.org/Ben_Albritton",27,"Senate",NA,"partisan_cross",1,166,166,1233,0,121,0,0,3,NA,313127,58035,35067,6530,2656,333,416617,0.751594390051294,0.139300604632072,0.0841708331633131,0.0156738683251044,0.00717445519505925,"CVAP",2022,0.333286097573748,0.654635446807836,"R",32,32,12360,4,37
23354,"R","Berny Jacques","Jacques","http://ballotpedia.org/Berny_Jacques",59,"House",NA,"partisan_cross",1,267,267,1190,0,20,21,0,1,NA,117192,12158,10062,4401,1353,110,145415,0.805914107898085,0.0836089811917615,0.0691950624075921,0.0302651033249665,0.0100608602963931,"CVAP",2022,0.426530052589178,0.558028387862726,"R",13,13,23354,53,68
17099,"R","Blaise Ingoglia","Ingoglia","http://ballotpedia.org/Blaise_Ingoglia",11,"Senate",NA,"partisan_cross",0.971014492753623,138,134,1025,4,55,7,0,19,NA,383867,36580,20761,5630,3467,200,451583,0.850047499573722,0.0810039350462706,0.04597382983859,0.0124672540817524,0.00812032339569913,"CVAP",2022,0.303815180229548,0.684617588685299,"R",38,38,17099,2,39
18944,"R","Bob Rommel","Rommel","http://ballotpedia.org/Bob_Rommel",81,"House",NA,"partisan_cross",0.99,200,198,925,2,16,0,1,41,NA,119010,13917,5630,2201,537,25,141400,0.841654879773692,0.0984229137199434,0.0398161244695898,0.0155657708628006,0.00397454031117397,"CVAP",2022,0.339020144583902,0.651908702448801,"R",31,31,18944,20,103
18934,"R","Bobby Payne","Payne","http://ballotpedia.org/Bobby_Payne_(Florida)",20,"House",NA,"partisan_cross",1,222,222,995,0,29,0,0,8,NA,113182,8320,13684,887,1550,95,137788,0.821421313902517,0.0603826167735942,0.0993119865300316,0.00643742561035794,0.011938630359683,"CVAP",2022,0.263285532390859,0.724356322853547,"R",46,46,18934,5,116
15147,"D","Bobby Powell","Powell","http://ballotpedia.org/Bobby_Powell",24,"Senate",NA,"partisan_cross",0.921875,128,118,1054,10,17,28,7,NA,9,164808,83264,88859,8286,1618,234,347429,0.474364546425313,0.23965759910658,0.2557616088467,0.0238494771593621,0.00533058552970535,"CVAP",2022,0.594136496958001,0.394936852995036,"D",20,-20,15147,35,6
23333,"R","Brad Yeager","Yeager","http://ballotpedia.org/",56,"House",NA,"partisan_cross",1,204,204,1003,0,104,2,0,12,NA,107857,15945,5997,1704,812,94,132630,0.813217220839931,0.120221669305587,0.0452160144763628,0.0128477719972857,0.00683103370278218,"CVAP",2022,0.376021500506657,0.607186986146575,"R",23,23,23333,33,86
15947,"D","Bruce Antone","Antone","http://ballotpedia.org/Bruce_Antone",41,"House",NA,"partisan_cross",0.895604395604396,182,163,946,19,77,9,5,NA,22,24426,25896,45181,4889,981,10,101695,0.240188799842667,0.254643787796843,0.444279463100447,0.0480751266040612,0.00974482521264566,"CVAP",2022,0.759913227393,0.225823103742422,"D",53,-53,15947,115,5
17173,"R","Bryan Avila","Avila","http://ballotpedia.org/Bryan_Avila",39,"Senate",NA,"partisan_cross",0.984375,128,126,1023,2,124,0,0,16,NA,16465,268215,12856,2992,287,24,301200,0.0546646746347942,0.890488047808765,0.0426826029216467,0.009933598937583,0.00103253652058433,"CVAP",2022,0.3882691949798,0.602615253374533,"R",21,21,17173,12,30
23345,"R","Carolina Amesty","Amesty","http://ballotpedia.org/Carolina_Amesty",45,"House",NA,"partisan_cross",0.995238095238095,210,209,1040,1,151,2,0,29,NA,69267,20472,8447,8868,628,35,108274,0.639738071928626,0.189075863088091,0.0780150359273695,0.0819033193564475,0.00612335371372629,"CVAP",2022,0.495095345342283,0.491219731500322,"D",0,0,23345,79,43
23332,"R","Chase Tramont","Tramont","http://ballotpedia.org/Chase_Tramont",30,"House",NA,"partisan_cross",1,176,176,827,0,350,0,0,16,NA,130034,7364,8264,2061,1325,39,149413,0.870299103826307,0.0492862066888423,0.0553097789348986,0.0137939804434688,0.00912905838180078,"CVAP",2022,0.353325555150014,0.633299954269188,"R",28,28,23332,24,98
20907,"R","Chip LaMarca","LaMarca","http://ballotpedia.org/Chip_LaMarca",100,"House",NA,"partisan_cross",0.960199004975124,201,193,949,8,50,2,1,76,NA,99273,21692,10633,2995,852,55,135734,0.731379020731725,0.159812574594427,0.0783370415665935,0.0220652157897063,0.00668218721911975,"CVAP",2022,0.480310023583887,0.510766038187444,"R",3,3,20907,74,47
21888,"D","Christine Hunschofsky","Hunschofsky","http://ballotpedia.org/Christine_Hunschofsky",95,"House",NA,"partisan_cross",0.895522388059702,201,180,1005,21,48,6,4,NA,23,62294,26709,28743,5982,548,0,124634,0.499815459665902,0.214299468844778,0.230619253173291,0.0479965338511161,0.00439687404721023,"CVAP",2022,0.593556705857039,0.397205941637465,"D",20,-20,21888,99,23
22528,"D","Christopher Benjamin","Benjamin","http://ballotpedia.org/Christopher_Benjamin",107,"House",NA,"partisan_cross",0.899470899470899,189,170,917,19,160,12,8,NA,20,14307,35331,63135,1894,523,60,115510,0.123859406112025,0.305869621677777,0.546576054021297,0.0163968487576833,0.00504718206215912,"CVAP",2022,0.769247620654112,0.221212114781924,"D",55,-55,22528,118,3
19912,"R","Chuck Brannan","Brannan","http://ballotpedia.org/Chuck_Brannan",10,"House",NA,"partisan_cross",0.995535714285714,224,223,1022,1,126,2,0,24,NA,103229,6992,23530,1406,2485,20,137744,0.749426472296434,0.0507608316877686,0.170824137530491,0.0102073411546056,0.0181859100940876,"CVAP",2022,0.267784421202939,0.720357310520352,"R",45,45,19912,6,115
19037,"R","Chuck Clemons","Clemons","http://ballotpedia.org/Chuck_Clemons",22,"House",NA,"partisan_cross",0.988505747126437,174,172,823,2,45,2,0,46,NA,114104,12881,13278,7150,1109,28,148694,0.767374608255881,0.086627570715698,0.0892974834223304,0.0480853296030775,0.00764657619002784,"CVAP",2022,0.468795305105562,0.515691044625597,"R",5,5,19037,68,51
19070,"R","Clay Yarborough","Yarborough","http://ballotpedia.org/Clay_Yarborough",4,"Senate",NA,"partisan_cross",0.976303317535545,211,206,1411,5,242,14,0,18,NA,292377,33872,52880,20844,3356,322,405351,0.721293397573954,0.0835621473735109,0.130454840372911,0.0514221008459335,0.00907361767949259,"CVAP",2022,0.365579884884493,0.619389250813103,"R",25,25,19070,8,32
16389,"R","Colleen Burton","Burton","http://ballotpedia.org/Colleen_Burton_(Florida)",12,"Senate",NA,"partisan_cross",0.995391705069124,217,216,1603,1,17,1,0,6,NA,238975,88743,60298,6929,2585,169,397938,0.60053324889807,0.223007101608793,0.151526117133825,0.0174122602013379,0.00692067608521931,"CVAP",2022,0.424519500010423,0.561409041005859,"R",14,14,16389,20,20
23325,"R","Corey Simon","Simon","http://ballotpedia.org/Corey_Simon",3,"Senate",NA,"partisan_cross",0.963730569948187,193,186,1462,7,52,0,0,22,NA,270374,23606,120714,6961,4219,202,426800,0.633491096532334,0.0553092783505155,0.282835051546392,0.0163097469540769,0.0103584817244611,"CVAP",2022,0.489679250582086,0.496790839622215,"R",1,1,23325,25,15
17687,"R","Cyndi Stevenson","Stevenson","http://ballotpedia.org/Cyndi_Stevenson",18,"House",NA,"partisan_cross",0.932584269662921,178,166,858,12,141,10,0,81,NA,108349,9552,6473,5450,794,4,130756,0.828635014836795,0.0730520970357001,0.0495044204472452,0.0416806876931078,0.00610297041818349,"CVAP",2022,0.312874009077815,0.674103062767649,"R",36,36,17687,12,109
21381,"D","Dan Daley","Daley","http://ballotpedia.org/Dan_Daley",96,"House",NA,"partisan_cross",0.84390243902439,205,173,1029,32,54,8,4,NA,29,51405,34640,30027,6186,566,55,123190,0.417282246935628,0.281191655166815,0.24374543388262,0.0502151148632194,0.00504099358714181,"CVAP",2022,0.632906636176438,0.357099999509418,"D",28,-28,21381,105,18
22129,"R","Dana Trabulsy","Trabulsy","http://ballotpedia.org/Dana_Trabulsy",84,"House",NA,"partisan_cross",0.985221674876847,203,200,1010,3,56,1,0,57,NA,89488,18798,29356,2173,1014,14,140895,0.635139642996558,0.133418503140637,0.208353738599666,0.0154228326058412,0.00729621349231697,"CVAP",2022,0.451329819438693,0.539024083984749,"R",9,9,22129,64,58
23344,"R","Daniel Alvarez","Alvarez","http://ballotpedia.org/Daniel_Alvarez",69,"House",NA,"partisan_cross",1,217,217,942,0,75,1,0,9,NA,73456,25641,19158,3310,896,25,122698,0.598673165006765,0.208976511434579,0.156139464375947,0.0269768048378947,0.00750623482045347,"CVAP",2022,0.457106813798523,0.52690075886971,"R",7,7,23344,67,55
16595,"R","Daniel Burgess","Burgess","http://ballotpedia.org/Daniel_Burgess",23,"Senate",NA,"partisan_cross",1,171,171,1340,0,40,0,0,2,NA,255353,79786,45200,16925,2490,288,401412,0.636136936613753,0.198763365320419,0.112602513128656,0.0421636622721792,0.00692057038653553,"CVAP",2022,0.41401489460433,0.570859743915057,"R",16,16,16595,18,23
19426,"R","Daniel Perez","Perez","http://ballotpedia.org/Daniel_Anthony_Perez",116,"House",NA,"partisan_cross",1,174,174,732,0,69,0,0,17,NA,12578,97178,2506,1836,81,35,114548,0.109805496385795,0.848360512623529,0.0218772916157419,0.0160282152460104,0.00101267590878933,"CVAP",2022,0.384070884883652,0.605564589919594,"R",22,22,19426,36,85
1706,"D","Darryl Rouson","Rouson","http://ballotpedia.org/Darryl_Rouson",16,"Senate",NA,"partisan_cross",0.844594594594595,148,125,1363,23,33,7,5,NA,10,166624,73137,124122,9142,2380,288,376526,0.442529865135475,0.194241566319457,0.32965054206084,0.0242798638075458,0.00708583205409454,"CVAP",2022,0.663755489277687,0.319510710248109,"D",34,-34,1706,38,3
23066,"D","Daryl Campbell","Campbell","http://ballotpedia.org/Daryl_Campbell",99,"House",NA,"partisan_cross",0.941176470588235,204,192,915,12,82,25,2,NA,15,37994,18620,61429,1998,657,198,121034,0.313911793380372,0.153841069451559,0.507535072789464,0.0165077581506023,0.00706413074012261,"CVAP",2022,0.764230038361409,0.226925984338712,"D",54,-54,23066,117,4
21758,"R","David Borrero","Borrero","http://ballotpedia.org/David_Borrero",111,"House",NA,"partisan_cross",0.995726495726496,234,233,1107,1,69,8,0,23,NA,6066,86855,1512,1321,76,20,96035,0.0631644712865101,0.904409850575311,0.0157442599052429,0.0137554016764721,0.000999635549539231,"CVAP",2022,0.400560438921363,0.589913561738528,"R",19,19,21758,44,78
18797,"D","David Silvers","Silvers","http://ballotpedia.org/David_Silvers",89,"House",NA,"partisan_cross",0.794736842105263,190,151,924,39,156,2,4,NA,32,37154,39212,16024,2808,340,140,96210,0.386176073173267,0.407566780999896,0.166552333437273,0.0291861552853134,0.00498908637355784,"CVAP",2022,0.568768631140048,0.419118148159006,"D",15,-15,18797,93,27
20953,"R","David Smith","Smith","http://ballotpedia.org/David_Smith_(Florida)",38,"House",NA,"partisan_cross",0.960698689956332,229,220,1057,9,6,4,0,75,NA,82536,30792,14562,4450,758,119,133513,0.618186993026896,0.230629227116461,0.109068030828459,0.0333300877068151,0.00656864874581501,"CVAP",2022,0.50514090827172,0.47771065630649,"D",3,-3,20953,81,40
23346,"R","Dean Black","Black","http://ballotpedia.org/Dean_Black",15,"House",NA,"partisan_cross",1,240,240,1078,0,95,0,0,4,NA,99896,7833,25625,2929,1334,63,138048,0.723632359758924,0.0567411335187761,0.185623840982847,0.0212172577654149,0.0101196685210941,"CVAP",2022,0.332003412803209,0.654519098750214,"R",32,32,23346,15,105
1678,"R","Debbie Mayfield","Mayfield","http://ballotpedia.org/Debbie_Mayfield",19,"Senate",NA,"partisan_cross",0.995073891625616,203,202,1511,1,5,0,0,9,NA,329465,43641,39516,11499,3297,330,429285,0.767473822751785,0.101659736538663,0.0920507355253503,0.0267864006429295,0.00844893252734197,"CVAP",2022,0.396377844334241,0.587580287821472,"R",19,19,1678,14,28
22527,"R","Demi Busatta Cabrera","Busatta Cabrera","http://ballotpedia.org/Demi_Busatta_Cabrera",114,"House",NA,"partisan_cross",0.968888888888889,225,218,956,7,64,4,0,70,NA,24455,81792,5784,2370,157,0,114630,0.21333856756521,0.71353048940068,0.0504579952891913,0.0206752159120649,0.00136962400767687,"CVAP",2022,0.486573867605256,0.503602502465698,"R",2,2,22527,75,46
12362,"R","Dennis Baxley","Baxley","http://ballotpedia.org/Dennis_Baxley",13,"Senate",NA,"partisan_cross",1,154,154,1374,0,156,0,0,4,NA,279405,56082,36877,16052,2780,415,392269,0.712279073798847,0.142968218237995,0.0940094679926275,0.0409208986690256,0.00814492095985153,"CVAP",2022,0.404340491115094,0.584078047122105,"R",18,18,12362,15,25
20422,"D","Dianne Hart","Hart","http://ballotpedia.org/Dianne_Hart",63,"House",NA,"partisan_cross",0.98469387755102,196,193,941,3,84,20,2,NA,4,36541,25967,53679,2036,827,149,119040,0.306964045698925,0.218136760752688,0.450932459677419,0.0171034946236559,0.0081989247311828,"CVAP",2022,0.745629370936346,0.236781929421452,"D",51,-51,20422,114,7
20358,"D","Dotie Joseph","Joseph","http://ballotpedia.org/Dotie_Joseph",108,"House",NA,"partisan_cross",0.987179487179487,156,154,786,2,341,32,3,NA,3,16731,36241,57263,1509,303,106,112380,0.148878804057662,0.322486207510233,0.509547962270867,0.0134276561665777,0.00363943762235273,"CVAP",2022,0.805439952809793,0.184293438286728,"D",62,-62,20358,120,1
23338,"R","Doug Bankson","Bankson","http://ballotpedia.org/Doug_Bankson",39,"House",NA,"partisan_cross",0.985781990521327,211,208,946,3,29,1,0,54,NA,73768,24653,22062,4389,749,30,126079,0.585093473139857,0.195536132107647,0.174985524948643,0.0348115070709634,0.00617866575718399,"CVAP",2022,0.473046627066525,0.513131434256722,"R",4,4,23338,71,48
12367,"R","Douglas Broxson","Broxson","http://ballotpedia.org/Doug_Broxson",1,"Senate",NA,"partisan_cross",1,132,132,986,0,429,3,0,5,NA,306195,20113,66214,12319,6455,428,413206,0.741022637619008,0.0486754790588714,0.160244526942978,0.0298132166522267,0.0166575509552136,"CVAP",2022,0.322584657578383,0.658498686356823,"R",34,34,12367,3,38
1664,"R","Ed Hooper","Hooper","http://ballotpedia.org/Ed_Hooper",21,"Senate",NA,"partisan_cross",0.958041958041958,143,137,1337,6,111,3,0,23,NA,342811,40303,22182,9194,2392,232,417378,0.821344201179746,0.0965623487582,0.0531460690309504,0.0220279938089693,0.00628686706055422,"CVAP",2022,0.404764724948708,0.58056504442041,"R",18,18,1664,16,26
19064,"R","Erin Grall","Grall","http://ballotpedia.org/Erin_Grall",29,"Senate",NA,"partisan_cross",0.944444444444444,126,119,881,7,124,16,1,25,NA,298230,56436,54789,6617,3721,42,420236,0.709672660124311,0.134295967028051,0.130376740688565,0.015745914200592,0.00895449223769501,"CVAP",2022,0.380386209186298,0.608911747827245,"R",23,23,19064,10,31
23341,"R","Fabian Basabe","Basabe","http://ballotpedia.org/Fabi√°n_Basabe",106,"House",NA,"partisan_cross",0.963350785340314,191,184,856,7,39,0,0,73,NA,49141,54701,5203,2729,302,0,112153,0.438160370208554,0.487735504177329,0.0463919823812114,0.0243328310433069,0.00269275008247662,"CVAP",2022,0.539338036243222,0.451337259530482,"D",9,-9,23341,87,35
22512,"D","Felicia Simone Robinson","Robinson","http://ballotpedia.org/Felicia_Simone_Robinson",104,"House",NA,"partisan_cross",0.957943925233645,214,205,1014,9,79,37,7,NA,14,16330,45519,48716,3524,238,0,114772,0.142282089708291,0.396603701251176,0.42445892726449,0.0307043529780783,0.00207367650646499,"CVAP",2022,0.715064656866494,0.27631560110725,"D",44,-44,22512,111,10
21029,"D","Fentrice Driskell","Driskell","http://ballotpedia.org/Fentrice_Driskell",67,"House",NA,"partisan_cross",0.970930232558139,172,167,766,5,31,14,2,NA,10,64438,26503,23605,9937,614,119,125781,0.512303130043488,0.210707499542856,0.187667453748976,0.0790023930482346,0.00582758922253758,"CVAP",2022,0.569105951590404,0.413350476544185,"D",16,-16,21029,95,26
22529,"R","Fiona McFarland","McFarland","http://ballotpedia.org/Fiona_McFarland",73,"House",NA,"partisan_cross",0.987261146496815,157,155,755,2,405,1,0,50,NA,134669,9636,7779,2574,755,65,155649,0.865209541982281,0.0619085249503691,0.0499778347435576,0.0165372087196191,0.00526826385007292,"CVAP",2022,0.474182512641281,0.514834470809259,"R",4,4,22529,72,49
23361,"D","Gallop Franklin","Franklin","http://ballotpedia.org/Gallop_Franklin",8,"House",NA,"partisan_cross",0.751412429378531,177,133,930,44,64,5,3,NA,34,56291,8665,71405,2265,1443,62,140405,0.400918770699049,0.061714326412877,0.508564509810904,0.0161319041344681,0.0107189914889071,"CVAP",2022,0.724139245833942,0.260532372402104,"D",46,-46,23361,112,9
12379,"R","Gayle Harrell","Harrell","http://ballotpedia.org/Gayle_Harrell",31,"Senate",NA,"partisan_cross",0.979166666666667,144,141,1136,3,19,0,0,17,NA,302963,56757,41386,9716,1913,234,413498,0.732683108503548,0.137260639712889,0.100087545768057,0.0234970906751665,0.00519228629884546,"CVAP",2022,0.4187544042095,0.571375066635566,"R",15,15,12379,19,22
1720,"D","Geraldine Thompson","Thompson","http://ballotpedia.org/Geraldine_Thompson",15,"Senate",NA,"partisan_cross",0.980769230769231,156,153,1221,3,44,31,11,NA,1,127267,76935,134572,13687,2428,250,355971,0.357520696910703,0.216127156425664,0.378042031513803,0.0384497613569645,0.00752308474566748,"CVAP",2022,0.632988701132175,0.352991009307981,"D",28,-28,1720,37,4
23317,"D","Hillary Cassel","Cassel","http://ballotpedia.org/Hillary_Cassel",101,"House",NA,"partisan_cross",0.866666666666667,180,156,867,24,42,5,1,NA,26,57124,40044,13905,4205,902,144,116508,0.490301095203763,0.343701720053559,0.119348027603255,0.0360919421842277,0.00897792426271157,"CVAP",2022,0.554181582354314,0.435462287083654,"D",12,-12,23317,89,32
21775,"R","Ileana Garcia","Garcia","http://ballotpedia.org/Ileana_Garcia",36,"Senate",NA,"partisan_cross",0.876470588235294,170,149,1449,21,160,6,0,28,NA,48227,238996,17443,5358,588,58,311144,0.154998971537295,0.768120227290258,0.0560608592805903,0.0172203224230581,0.002076209086468,"CVAP",2022,0.482885150158387,0.506641450828272,"R",2,2,21775,24,17
21024,"R","James Buchanan","Buchanan","http://ballotpedia.org/James_Buchanan_(Florida)",74,"House",NA,"partisan_cross",0.987234042553191,235,232,959,3,115,0,0,51,NA,123242,13481,6590,2216,634,69,146306,0.842357798039725,0.0921424958648312,0.0450425819857012,0.0151463371290309,0.00480499774445341,"CVAP",2022,0.391019173225609,0.596778481304159,"R",21,21,21024,38,84
12366,"R","Jason Brodeur","Brodeur","http://ballotpedia.org/Jason_Brodeur",10,"Senate",NA,"partisan_cross",0.988439306358382,173,171,1458,2,95,1,0,13,NA,256750,77866,46101,16106,2299,147,400448,0.641156904267221,0.194447219114592,0.115123561610996,0.0402199536519099,0.00610815886207448,"CVAP",2022,0.489313618674994,0.494765022707349,"R",1,1,12366,26,16
20632,"D","Jason Pizzo","Pizzo","http://ballotpedia.org/Jason_Pizzo",37,"Senate",NA,"partisan_cross",0.8046875,128,103,1100,25,78,8,3,NA,11,201400,103021,54345,7389,1753,435,368847,0.54602585896049,0.279305511499348,0.147337513928539,0.020032696483908,0.0059319989046949,"CVAP",2022,0.546755065167324,0.443967610304208,"D",10,-10,20632,29,12
21391,"R","Jason Shoaf","Shoaf","http://ballotpedia.org/Jason_Shoaf",7,"House",NA,"partisan_cross",0.980676328502415,207,203,929,4,88,2,0,62,NA,110360,6902,22732,686,1842,70,142833,0.772650577947673,0.0483221664461294,0.159150896501509,0.0048028116751731,0.013386262278325,"CVAP",2022,0.235171943432313,0.753752787660112,"R",52,52,21391,3,118
23324,"R","Jay Collins","Collins","http://ballotpedia.org/Jay_Collins",14,"Senate",NA,"partisan_cross",0.993464052287582,153,152,1137,1,35,0,0,11,NA,222517,114037,32352,16159,2067,284,388341,0.572993837889896,0.293651713313814,0.0833082265328667,0.0416103373066454,0.0060539577330233,"CVAP",2022,0.490248754434532,0.494068522240746,"R",0,0,23324,27,14
16763,"R","Jay Trumbull","Trumbull","http://ballotpedia.org/Jay_Trumbull",2,"Senate",NA,"partisan_cross",0.988095238095238,168,166,1257,2,84,2,0,14,NA,330290,22214,46067,10522,6149,383,417594,0.790935693520501,0.0531952087434206,0.110315282307696,0.025196722175127,0.0156419871933026,"CVAP",2022,0.246804597437964,0.736329414377778,"R",49,49,16763,1,40
23353,"R","Jeff Holcomb","Holcomb","http://ballotpedia.org/Jeff_Holcomb_(Florida)",53,"House",NA,"partisan_cross",0.98876404494382,267,264,1142,3,75,4,1,45,NA,110183,18528,5995,2119,989,78,138175,0.797416319884205,0.134090826850009,0.043387009227429,0.0153356251130812,0.00772209155056993,"CVAP",2022,0.334303219906856,0.652884178702746,"R",32,32,23353,16,106
22207,"R","Jenna Persons-Mulicka","Persons-Mulicka","http://ballotpedia.org/Jenna_Persons",78,"House",NA,"partisan_cross",1,254,254,1147,0,135,1,0,2,NA,97106,16654,16826,2459,703,8,133863,0.7254132956829,0.124410778183665,0.125695673935292,0.0183695270537789,0.00531140046166603,"CVAP",2022,0.428962721398225,0.561143306344826,"R",13,13,22207,54,69
22852,"R","Jennifer Bradley","Bradley","http://ballotpedia.org/Jennifer_Bradley",6,"Senate",NA,"partisan_cross",0.923611111111111,144,133,1232,11,21,4,0,26,NA,304280,32769,60268,11520,4654,178,414234,0.734560658951221,0.0791074610003042,0.145492644254214,0.0278103680528397,0.0116649043777189,"CVAP",2022,0.356257962670332,0.62912059222745,"R",27,27,22852,7,34
23348,"R","Jennifer Canady","Canady","http://ballotpedia.org/Jennifer_Canady",50,"House",NA,"partisan_cross",1,203,203,974,0,44,1,0,13,NA,88571,20086,23051,2481,961,67,135319,0.654534839896836,0.148434440100799,0.170345627738898,0.0183344541416948,0.00759686370723993,"CVAP",2022,0.396025741189101,0.587640836596052,"R",19,19,23348,43,77
23322,"D","Jennifer Harris","Harris","http://ballotpedia.org/Jennifer_Rita_Harris",44,"House",NA,"partisan_cross",0.973544973544973,189,184,931,5,30,23,4,NA,6,40319,44938,11087,8462,420,260,105693,0.38147275600087,0.42517479870947,0.104898148410964,0.080062066551238,0.00643372787223373,"CVAP",2022,0.591367616280063,0.394939275678297,"D",20,-20,23322,98,22
23116,"D","Jervonte Edmonds","Edmonds","http://ballotpedia.org/Jervonte_Edmonds",88,"House",NA,"partisan_cross",0.818791946308725,149,122,777,27,245,3,3,NA,31,32682,18640,57158,3149,505,14,112465,0.290597074645445,0.165740452585249,0.508229226870582,0.0279998221668964,0.00461476903925666,"CVAP",2022,0.739382621449468,0.249709017349638,"D",49,-49,23116,113,8
23360,"R","Jessica Baker","Baker","http://ballotpedia.org/Jessica_Baker",17,"House",NA,"partisan_cross",0.981566820276498,217,213,1085,4,22,10,0,60,NA,86150,13595,21998,9373,1065,194,133222,0.64666496524598,0.102047709837714,0.165122877602798,0.0703562474666346,0.00945039107654892,"CVAP",2022,0.426913154789702,0.556361309361734,"R",13,13,23360,52,67
17676,"R","Jim Boyd","Boyd","http://ballotpedia.org/Jim_Boyd",20,"Senate",NA,"partisan_cross",0.995348837209302,215,214,1565,1,37,0,0,7,NA,288574,54774,43189,9048,2442,155,398885,0.723451621394638,0.137317773293054,0.108274314652093,0.0226832295022375,0.00651064843250561,"CVAP",2022,0.408949011720314,0.577378929092168,"R",17,17,17676,17,24
22580,"R","Jim Mooney","Mooney","http://ballotpedia.org/Jim_Mooney",120,"House",NA,"partisan_cross",0.946601941747573,206,195,994,11,137,0,0,78,NA,55105,45875,14574,1376,786,44,117972,0.467102363272641,0.388863459125894,0.12353778862781,0.0116637846268606,0.00703556776184179,"CVAP",2022,0.451273059953419,0.535947114407747,"R",8,8,22580,65,56
18057,"R","Joe Gruters","Gruters","http://ballotpedia.org/Joe_Gruters",22,"Senate",NA,"partisan_cross",0.913385826771654,127,116,1080,11,96,1,0,27,NA,375179,32833,19021,7594,2279,188,437317,0.857910851853461,0.0750782613070153,0.043494764667278,0.0173649778078602,0.00564121678324876,"CVAP",2022,0.422890009315066,0.565646183362508,"R",14,14,18057,21,21
23295,"R","Joel Rudman","Rudman","http://ballotpedia.org/Joel_Rudman",3,"House",NA,"partisan_cross",1,207,207,996,0,47,9,0,10,NA,111949,7030,9983,3604,2443,49,135365,0.827015846045876,0.0519336608429062,0.0737487533705168,0.0266243120452111,0.0184094854652237,"CVAP",2022,0.21046554212202,0.770031052640733,"R",56,56,23295,2,119
23318,"D","Johanna Lopez","Lopez","http://ballotpedia.org/Johanna_Lopez",43,"House",NA,"partisan_cross",0.850678733031674,221,188,950,33,96,14,1,NA,27,35608,68623,13194,5073,437,295,123596,0.288099938509337,0.55522023366452,0.106751027541344,0.0410450176381113,0.0059225217644584,"CVAP",2022,0.594850056214932,0.388442282657375,"D",21,-21,23318,100,21
21983,"R","John Snyder","Snyder","http://ballotpedia.org/John_Snyder",86,"House",NA,"partisan_cross",1,252,252,1140,0,86,3,0,3,NA,118740,13467,7104,2012,733,44,142162,0.835244298757755,0.0947299559657292,0.0499711596629198,0.0141528678549823,0.00546559558813185,"CVAP",2022,0.367922096737985,0.621739501958553,"R",25,25,21983,32,90
23357,"R","John Temple","Temple","http://ballotpedia.org/John_Temple",52,"House",NA,"partisan_cross",1,234,234,1014,0,66,3,0,5,NA,139865,9224,10801,1495,1067,73,162590,0.860231256534842,0.0567316563134264,0.0664308998093364,0.00919490743588167,0.00701150132234455,"CVAP",2022,0.294946726123572,0.696401898618425,"R",40,40,23357,10,111
23321,"R","Jonathan Martin","Martin","http://ballotpedia.org/Jonathan_Martin_(Florida)",33,"Senate",NA,"partisan_cross",0.945205479452055,146,138,1113,8,77,2,0,24,NA,326632,57097,25626,7090,2043,88,419217,0.779147792193542,0.136199152229037,0.0611282462304725,0.0169124820796867,0.00508328622169425,"CVAP",2022,0.368386517960164,0.622101970977458,"R",25,25,23321,9,33
20006,"D","Joseph Casello","Casello","http://ballotpedia.org/Joseph_Casello",90,"House",NA,"partisan_cross",0.746987951807229,166,124,817,42,453,3,11,NA,35,80795,16748,32164,2946,595,75,133966,0.603100786766792,0.125016795306272,0.240090769299673,0.0219906543451323,0.00500126897869609,"CVAP",2022,0.58121024048053,0.409029422798936,"D",17,-17,20006,96,25
19703,"R","Josie Tomkow","Tomkow","http://ballotpedia.org/Josie_Tomkow",51,"House",NA,"partisan_cross",0.994871794871795,195,194,912,1,27,0,0,31,NA,80771,38453,16155,2680,693,0,138723,0.582246635381299,0.277192678935721,0.116455093964231,0.0193190747028251,0.0049955667048723,"CVAP",2022,0.435865202631635,0.550534589430734,"R",11,11,19703,58,61
23356,"R","Juan Porras","Porras","http://ballotpedia.org/Juan_Carlos_Porras",119,"House",NA,"partisan_cross",0.987341772151899,237,234,1018,3,42,0,0,49,NA,13710,102167,5261,2864,179,55,124606,0.110026804487745,0.819920389066337,0.0422210808468292,0.0229844469768711,0.00187791920132257,"CVAP",2022,0.441945805311525,0.548196435304799,"R",11,11,23356,60,63
23350,"R","Karen Gonzalez Pittman","Gonzalez Pittman","http://ballotpedia.org/Karen_Gonzalez_Pittman",65,"House",NA,"partisan_cross",0.957894736842105,190,182,883,8,23,1,0,77,NA,96822,22008,8509,5589,846,175,134248,0.72121744830463,0.163935403134497,0.0633826947142602,0.0416319051308027,0.00760532745366784,"CVAP",2022,0.488892470873395,0.495040660675801,"R",1,1,23350,77,45
23340,"D","Katherine Waldron","Waldron","http://ballotpedia.org/Katherine_Waldron",93,"House",NA,"partisan_cross",0.775,200,155,886,45,23,6,1,NA,33,73821,27521,18371,4754,414,80,125254,0.589370399348524,0.219721525859454,0.146669966627812,0.0379548756925926,0.00394398582081211,"CVAP",2022,0.529745842120453,0.461140691517234,"D",7,-7,23340,84,37
12387,"R","Kathleen Passidomo","Passidomo","http://ballotpedia.org/Kathleen_Passidomo",28,"Senate",NA,"partisan_cross",0.989247311827957,93,92,672,1,49,0,0,12,NA,267419,83055,28447,6111,1912,92,387613,0.689912361040522,0.214272999099617,0.0733902113706197,0.0157657250917797,0.00517010523382859,"CVAP",2022,0.350748003972143,0.639758924792236,"R",29,29,12387,6,35
22662,"R","Kaylee Tuck","Tuck","http://ballotpedia.org/Kaylee_Tuck",83,"House",NA,"partisan_cross",1,226,226,1025,0,131,1,0,6,NA,94534,25762,12442,1515,1769,18,136365,0.693242400909324,0.188919444138892,0.091240420929124,0.011109888901111,0.0131045356213105,"CVAP",2022,0.283354612640477,0.705417337265731,"R",42,42,22662,8,113
12389,"R","Keith Perry","Perry","http://ballotpedia.org/Keith_Perry",9,"Senate",NA,"partisan_cross",0.994413407821229,179,178,1305,1,41,20,0,10,NA,301080,47344,59347,10017,3436,85,422296,0.712959630211984,0.112110936404797,0.14053412772084,0.0237203288688503,0.0083377536135791,"CVAP",2022,0.390828324114726,0.596298541650114,"R",21,21,12389,11,29
22415,"R","Keith Truenow","Truenow","http://ballotpedia.org/Keith_Truenow",26,"House",NA,"partisan_cross",0.988,250,247,1101,3,34,3,0,48,NA,110624,13007,14750,1969,1242,385,141951,0.779311170756106,0.091630210424724,0.103909095392072,0.0138709836492874,0.011461701573078,"CVAP",2022,0.353051986847152,0.635941247825168,"R",28,28,22415,23,97
1714,"D","Kelly Skidmore","Skidmore","http://ballotpedia.org/Kelly_Skidmore",92,"House",NA,"partisan_cross",0.894409937888199,161,144,926,17,192,14,2,NA,24,107982,18142,9406,3727,663,20,140432,0.768927310014811,0.129187079867836,0.0669790361171243,0.0265395351486841,0.00486356386008887,"CVAP",2022,0.584543682772884,0.4090090258731,"D",18,-18,1714,97,24
22516,"D","Kevin Chambliss","Chambliss","http://ballotpedia.org/Kevin_Chambliss",117,"House",NA,"partisan_cross",0.84180790960452,177,149,775,28,213,13,1,NA,30,8587,62104,30708,1459,331,60,103203,0.0832049455926669,0.601765452554674,0.297549489840412,0.0141371859345174,0.00378864955476101,"CVAP",2022,0.643711807784408,0.345752229198173,"D",30,-30,22516,106,15
23331,"R","Kevin Steele","Steele","http://ballotpedia.org/Kevin_Steele",55,"House",NA,"partisan_cross",0.989417989417989,189,187,972,2,110,3,0,43,NA,102860,19455,7082,4433,926,42,135024,0.761790496504325,0.144085495911838,0.0524499348264012,0.0328312003791918,0.00716909586443891,"CVAP",2022,0.363465900433287,0.622348172048191,"R",26,26,23331,30,91
23339,"R","Kimberly Berfield","Berfield","http://ballotpedia.org/Kimberly_Berfield",58,"House",NA,"partisan_cross",0.98989898989899,198,196,963,2,19,5,0,42,NA,106515,13297,12214,3443,926,69,136284,0.781566434797922,0.0975683132282586,0.0896216723900091,0.0252634205042411,0.00730093041002612,"CVAP",2022,0.44730066448296,0.537810315232876,"R",9,9,23339,63,57
19040,"D","Kimberly Daniels","Daniels","http://ballotpedia.org/Kimberly_Daniels",14,"House",NA,"partisan_cross",0.55,140,77,816,63,361,4,7,NA,36,51589,9630,62374,2923,887,39,127778,0.403739297844699,0.075365086321589,0.488143498880871,0.0228756123902393,0.0072469439183584,"CVAP",2022,0.633385367336226,0.350946717485858,"D",28,-28,19040,103,16
23355,"R","Kiyan Michael","Michael","http://ballotpedia.org/Kiyan_Michael",16,"House",NA,"partisan_cross",0.985294117647059,204,201,946,3,73,2,0,56,NA,94824,11910,14449,8999,915,65,131856,0.71914816163087,0.0903258099745177,0.109581664846499,0.068248695546657,0.00743235044290741,"CVAP",2022,0.38982487319429,0.594104152147859,"R",20,20,23355,39,80
21780,"D","Kristen Arrington","Arrington","http://ballotpedia.org/Kristen_Arrington",46,"House",NA,"partisan_cross",0.89922480620155,258,232,1191,26,45,17,8,NA,21,26536,64060,15266,3017,483,4,110168,0.240868491758042,0.581475564592259,0.13857018371941,0.0273854476799071,0.0044205213855203,"CVAP",2022,0.630436977542619,0.354836247697875,"D",28,-28,21780,104,17
23323,"D","LaVon Bracy Davis","Bracy Davis","http://ballotpedia.org/LaVon_Bracy_Davis",40,"House",NA,"partisan_cross",0.991416309012876,233,231,988,2,67,27,2,NA,1,38619,21200,62888,4603,566,220,128314,0.300972614056144,0.165219695434637,0.490110198419502,0.0358729367021525,0.00612559814205776,"CVAP",2022,0.683516311658732,0.302862878855312,"D",38,-38,23323,107,14
18406,"D","Lauren Book","Book","http://ballotpedia.org/Lauren_Book",35,"Senate",NA,"partisan_cross",0.959302325581395,172,165,1406,7,32,19,7,NA,5,116995,147173,76231,19857,1603,214,363745,0.321640160002199,0.404604874293805,0.209572640173748,0.0545904411057197,0.00499525766677205,"CVAP",2022,0.59825169380418,0.392258493594053,"D",21,-21,18406,36,5
22672,"R","Lauren Melo","Melo","http://ballotpedia.org/Lauren_Melo",82,"House",NA,"partisan_cross",0.994285714285714,175,174,897,1,323,2,1,34,NA,59049,44800,11625,1236,945,0,117930,0.500712286949886,0.37988637327228,0.0985754261002289,0.0104807936911727,0.00801322818621216,"CVAP",2022,0.351521501274874,0.637655314889926,"R",29,29,22672,22,99
19490,"R","Lawrence McClure","McClure","http://ballotpedia.org/Lawrence_McClure",68,"House",NA,"partisan_cross",0.985781990521327,211,208,866,3,89,0,0,55,NA,80798,26680,14193,3409,830,120,126465,0.638896137271182,0.210967461352944,0.112228679871901,0.0269560748033053,0.00751195983078322,"CVAP",2022,0.357549961917184,0.62732515216057,"R",27,27,19490,28,95
21739,"R","Linda Chaney","Chaney","http://ballotpedia.org/Linda_Chaney",61,"House",NA,"partisan_cross",0.902173913043478,184,166,921,18,160,2,0,84,NA,119151,11051,6113,5540,990,36,143069,0.832821925085099,0.0772424494474694,0.0427276349174175,0.038722574422132,0.00717136486590386,"CVAP",2022,0.457277086360334,0.528173794131995,"R",7,7,21739,66,54
14052,"D","Linda Stewart","Stewart","http://ballotpedia.org/Linda_Stewart",17,"Senate",NA,"partisan_cross",0.674846625766871,163,110,1285,53,26,1,11,NA,12,190259,140825,40656,19292,1984,420,394684,0.482053997628483,0.356804430886481,0.103008989470057,0.0488796100171276,0.00609094870833376,"CVAP",2022,0.571980766417236,0.410819818189087,"D",16,-16,14052,32,9
23327,"D","Lindsay Cross","Cross","http://ballotpedia.org/Lindsay_Cross",60,"House",NA,"partisan_cross",0.936507936507937,189,177,930,12,14,14,1,NA,17,110721,13186,11401,7856,934,104,144745,0.764938339839027,0.0910981381049432,0.0787661059103941,0.0542747590590349,0.00717123216691423,"CVAP",2022,0.537017110161911,0.445282294297383,"D",9,-9,23327,86,34
23328,"D","Lisa Dunkley","Dunkley","http://ballotpedia.org/Lisa_Dunkley",97,"House",NA,"partisan_cross",0.868020304568528,197,171,963,26,108,8,2,NA,25,23239,23589,60783,4413,574,143,113129,0.20542036082702,0.208514174084452,0.537289289218503,0.0390085654429899,0.00633789744451025,"CVAP",2022,0.795987042335233,0.195263798016277,"D",60,-60,23328,119,2
12363,"D","Lori Berman","Berman","http://ballotpedia.org/Lori_Berman",26,"Senate",NA,"partisan_cross",0.969512195121951,164,159,1224,5,31,50,7,NA,3,278007,56585,60991,11284,1787,120,410123,0.677862494910064,0.137970803880787,0.148713922408643,0.0275136971103791,0.00464982456482567,"CVAP",2022,0.563280401019839,0.428778046325517,"D",13,-13,12363,30,11
22173,"D","Marie Woodson","Woodson","http://ballotpedia.org/Marie_Woodson",105,"House",NA,"partisan_cross",0.96,225,216,1165,9,13,13,3,NA,13,29710,42069,48510,2645,608,30,123751,0.240078868049551,0.339948768090763,0.391996832348829,0.0213735646580634,0.00515551389483721,"CVAP",2022,0.706116299257616,0.283113673434402,"D",42,-42,22173,109,12
20690,"R","Melony Bell","Bell","http://ballotpedia.org/Melony_Bell",49,"House",NA,"partisan_cross",0.968085106382979,188,182,870,6,155,1,0,71,NA,86116,21633,15903,2747,862,231,127813,0.673765579401156,0.169255083598695,0.124423963133641,0.0214923364602975,0.00855155578853481,"CVAP",2022,0.33971521649783,0.64558036915866,"R",31,31,20690,17,100
20540,"D","Michael Gottlieb","Gottlieb","http://ballotpedia.org/Michael_Gottlieb",102,"House",NA,"partisan_cross",0.939163498098859,263,247,1152,16,135,33,2,NA,16,61978,42687,16063,6071,320,0,128149,0.483640137652264,0.33310443312082,0.125346276599895,0.0473745405738632,0.00249709322741496,"CVAP",2022,0.560482000888739,0.429971927497862,"D",13,-13,20540,91,31
18621,"R","Michael Grant","Grant","http://ballotpedia.org/Michael_Grant",75,"House",NA,"partisan_cross",1,184,184,890,0,24,0,0,15,NA,143424,8163,5015,2581,994,49,160310,0.894666583494479,0.0509200923211278,0.0312831389183457,0.0161000561412264,0.00650614434533092,"CVAP",2022,0.358601371520371,0.630002027628253,"R",27,27,18621,29,96
21920,"D","Michele Rayner-Goolsby","Rayner-Goolsby","http://ballotpedia.org/Michele_Rayner",62,"House",NA,"partisan_cross",0.976851851851852,216,211,894,5,185,38,7,NA,5,48248,20670,48135,2288,878,0,120476,0.400478103522693,0.171569441216508,0.399540157375743,0.0189913343736512,0.00728775855772104,"CVAP",2022,0.706715225106215,0.277613256471178,"D",43,-43,21920,110,11
22167,"R","Michelle Salzman","Salzman","http://ballotpedia.org/Michelle_Salzman",1,"House",NA,"partisan_cross",0.989189189189189,185,183,967,2,87,2,0,44,NA,93182,5978,28447,4157,2070,64,134457,0.693024535725176,0.0444603107313119,0.21156949805514,0.030916947425571,0.0158712450820708,"CVAP",2022,0.35578703985838,0.627247702196038,"R",27,27,22167,25,92
20417,"R","Mike Beltran","Beltran","http://ballotpedia.org/Mike_Beltran",70,"House",NA,"partisan_cross",0.926108374384236,203,188,918,15,39,20,0,83,NA,89574,19818,16820,3475,647,110,130950,0.684032073310424,0.151340206185567,0.128445971744941,0.026536846124475,0.00578083237877052,"CVAP",2022,0.420498888846593,0.566367414370695,"R",15,15,20417,49,73
20958,"R","Mike Caruso","Caruso","http://ballotpedia.org/Mike_Caruso",87,"House",NA,"partisan_cross",0.981220657276995,213,209,841,4,186,2,0,61,NA,108541,15574,9025,3022,550,4,136432,0.795568488331183,0.114152105077988,0.0661501700480826,0.0221502286853524,0.00406063093702357,"CVAP",2022,0.46923417844577,0.520263286251858,"R",5,5,20958,69,52
22022,"R","Mike Giallombardo","Giallombardo","http://ballotpedia.org/Mike_Giallombardo",79,"House",NA,"partisan_cross",0.99581589958159,239,238,1099,1,18,2,0,22,NA,109307,27427,6730,2351,774,19,146916,0.744010182689428,0.186684908383022,0.0458084892047156,0.0160023414740396,0.00539764219009502,"CVAP",2022,0.339826625027757,0.65054016043298,"R",31,31,22022,18,101
24994,"R","Mike Redondo","Redondo","http://ballotpedia.org/Mike_Redondo",118,"House",NA,"partisan_cross",1,100,100,464,0,4,0,0,20,NA,14861,95354,6387,2015,226,20,119330,0.124536998240174,0.799078186541524,0.0535238414480851,0.0168859465348194,0.00206151009804743,"CVAP",2022,0.401692694521773,0.588865768285886,"R",19,19,24994,45,79
21025,"R","Nick DiCeglie","DiCeglie","http://ballotpedia.org/Nick_DiCeglie",18,"Senate",NA,"partisan_cross",0.995215311004785,209,208,1534,1,89,3,0,8,NA,353200,37990,29100,17959,3323,254,442403,0.798367099680608,0.0858719312482058,0.065777130806075,0.0405942093521066,0.00808538820939279,"CVAP",2022,0.455972413910043,0.528409798995671,"R",7,7,21025,23,18
18985,"D","Patricia Hawkins-Williams","Hawkins-Williams","http://ballotpedia.org/Patricia_Hawkins-Williams",98,"House",NA,"partisan_cross",0.961748633879781,183,176,873,7,53,30,2,NA,12,45869,23425,43329,1924,817,49,115663,0.396574531181104,0.202528034029897,0.374614180852995,0.0166345330831813,0.00748726904887475,"CVAP",2022,0.688755297246601,0.301793066419516,"D",39,-39,18985,108,13
22559,"R","Patt Maney","Maney","http://ballotpedia.org/T._Patt_Maney",4,"House",NA,"partisan_cross",0.978339350180505,277,271,1233,6,41,13,1,64,NA,103140,10456,15016,5661,1493,183,137087,0.752368933596913,0.0762727319147695,0.10953627988066,0.0412949440866019,0.012225812805007,"CVAP",2022,0.281036246245633,0.695790841298368,"R",41,41,22559,9,112
17686,"R","Paul Renner","Renner","http://ballotpedia.org/Paul_M._Renner",19,"House",NA,"partisan_cross",1,167,167,718,0,3,0,0,18,NA,117893,12049,13077,3005,1017,80,147250,0.800631578947368,0.0818268251273345,0.0888081494057725,0.0204074702886248,0.00744991511035654,"CVAP",2022,0.388877315538304,0.599128736146865,"R",21,21,17686,37,83
24810,"R","Paula Stark","Stark","http://ballotpedia.org/Paula_Stark",47,"House",NA,"partisan_cross",0.934959349593496,246,230,1076,16,27,1,0,80,NA,37270,70359,10746,3489,581,210,122856,0.303363287100345,0.572694862277789,0.087468255518656,0.0283991013869896,0.00643843198541382,"CVAP",2022,0.53656935107348,0.448999356903169,"D",9,-9,24810,85,33
23351,"R","Peggy Gossett-Seidman","Gossett-Seidman","http://ballotpedia.org/Peggy_Gossett-Seidman",91,"House",NA,"partisan_cross",0.961538461538462,182,175,852,7,39,1,0,74,NA,106655,18710,7124,4178,512,25,137345,0.776548108777167,0.136226291455823,0.0518693800283956,0.030419745895373,0.00390986202628417,"CVAP",2022,0.50033679003862,0.491751340720597,"D",1,-1,23351,80,41
23352,"R","Philip Griffitts","Griffitts","http://ballotpedia.org/Philip_Griffitts",6,"House",NA,"partisan_cross",0.995901639344262,244,243,1096,1,55,1,0,21,NA,110890,6497,14445,3668,1994,155,137830,0.804541826888196,0.0471377784226946,0.104803018210839,0.0266124936515998,0.0155916708989335,"CVAP",2022,0.251567956576438,0.732371312601732,"R",48,48,23352,4,117
24808,"R","Rachel Plakon","Plakon","http://ballotpedia.org/Rachel_Plakon",36,"House",NA,"partisan_cross",0.990740740740741,216,214,1026,2,147,7,0,37,NA,76841,23693,20927,5186,833,8,128063,0.600024987701366,0.18501050264323,0.163411758275224,0.0404956935258428,0.00656708026518198,"CVAP",2022,0.488600853776802,0.496369973980735,"R",1,1,24808,76,44
18056,"R","Ralph Massullo","Massullo","http://ballotpedia.org/Ralph_Massullo_Jr.",23,"House",NA,"partisan_cross",0.99492385786802,197,196,952,1,19,1,0,30,NA,130818,8983,4072,2013,1480,65,148170,0.882891273537153,0.0606263076196261,0.0274819464129041,0.0135857461024499,0.010427211986232,"CVAP",2022,0.280109021226988,0.706527558068437,"R",43,43,18056,7,114
19017,"R","Randy Fine","Fine","http://ballotpedia.org/Randy_Fine",33,"House",NA,"partisan_cross",0.967391304347826,184,178,806,6,197,10,0,72,NA,94434,20757,19942,4554,1355,35,141627,0.666779639475524,0.146561037090385,0.140806484639228,0.032154885720943,0.0098145127694578,"CVAP",2022,0.44254307790264,0.540749405667227,"R",10,10,19017,61,59
21380,"R","Randy Maggard","Maggard","http://ballotpedia.org/Randy_Maggard",54,"House",NA,"partisan_cross",0.987234042553191,235,232,1055,3,84,9,0,52,NA,95965,25495,13129,4721,975,123,140726,0.681928001932834,0.181167659139036,0.0932947713997413,0.0335474610235493,0.00780239614570158,"CVAP",2022,0.405904606831198,0.579433843342701,"R",17,17,21380,47,75
19068,"R","Rick Roth","Roth","http://ballotpedia.org/Rick_Roth",94,"House",NA,"partisan_cross",0.975409836065574,244,238,1033,6,72,4,0,66,NA,78083,23007,24844,3892,802,96,130870,0.596645526094598,0.175800412623214,0.189837243065638,0.0297394360816077,0.00686177122335142,"CVAP",2022,0.477754543552245,0.513375071586123,"R",4,4,19068,73,50
23347,"R","Robert Brackett","Brackett","http://ballotpedia.org/Robert_Brackett",34,"House",NA,"partisan_cross",0.995433789954338,219,218,1049,1,44,1,0,26,NA,120933,13274,10541,2204,945,26,147960,0.817335766423358,0.089713436063801,0.0712422276290889,0.0148959178156258,0.00656258448229251,"CVAP",2022,0.360280302964648,0.628878650023439,"R",27,27,23347,27,94
21701,"D","Robin Bartleman","Bartleman","http://ballotpedia.org/Robin_Bartleman",103,"House",NA,"partisan_cross",0.920502092050209,239,220,1100,19,72,6,7,NA,19,37385,52110,17993,8015,334,210,116840,0.319967476891476,0.445994522423827,0.153996918863403,0.0685980828483396,0.0046559397466621,"CVAP",2022,0.572470089750346,0.418222805786638,"D",15,-15,21701,94,28
23121,"D","Rosalind Osgood","Osgood","http://ballotpedia.org/Rosalind_Osgood",32,"Senate",NA,"partisan_cross",0.921951219512195,205,189,1612,16,79,15,6,NA,8,106169,77829,159498,10862,1966,196,357557,0.29692888126928,0.217668791269644,0.446077128961257,0.0303783732383928,0.00604658837611905,"CVAP",2022,0.737319638964094,0.25350098871032,"D",48,-48,23121,39,2
24962,"R","Ryan Chamberlin","Chamberlin","http://ballotpedia.org/",24,"House",NA,"partisan_cross",1,126,126,545,0,33,2,0,19,NA,101937,19012,15148,2863,725,0,140099,0.727606906544658,0.135704037858943,0.108123541210144,0.0204355491473886,0.00517491202649555,"CVAP",2022,0.357348880968763,0.630692503727752,"R",27,27,24962,26,93
21892,"R","Sam Garrison","Garrison","http://ballotpedia.org/Sam_Garrison",11,"House",NA,"partisan_cross",0.994444444444444,180,179,848,1,33,0,0,33,NA,95857,13241,18138,5071,910,45,133719,0.716853999805562,0.0990210815216985,0.135642653624391,0.0379228082770586,0.00714184222137467,"CVAP",2022,0.299006108770385,0.685613930449786,"R",39,39,21892,11,110
18668,"R","Sam Killebrew","Killebrew","http://ballotpedia.org/Sam_Killebrew",48,"House",NA,"partisan_cross",0.936507936507937,189,177,877,12,70,5,0,79,NA,79507,30892,21361,1908,990,95,134975,0.589049824041489,0.228872013335803,0.158258936840156,0.0141359511020559,0.00803852565289868,"CVAP",2022,0.422421630400199,0.565469549322454,"R",14,14,18668,50,70
23343,"R","Shane Abbott","Abbott","http://ballotpedia.org/Shane_Abbott",5,"House",NA,"partisan_cross",1,207,207,1024,0,15,5,0,11,NA,114435,5382,18526,1331,2529,130,143060,0.799909129036768,0.0376205787781351,0.129498112679994,0.00930378862015937,0.0185866070180344,"CVAP",2022,0.211426026711873,0.777590982518515,"R",57,57,23343,1,120
16026,"D","Shevrin Jones","Jones","http://ballotpedia.org/Shevrin_Jones",34,"Senate",NA,"partisan_cross",0.975903614457831,166,162,1221,4,303,13,7,NA,2,41221,108412,177205,4390,1051,182,332883,0.123830294728178,0.325675988260139,0.532334183481884,0.0131878167404163,0.003704004109552,"CVAP",2022,0.776608664155111,0.213449189487903,"D",56,-56,16026,40,1
20018,"R","Spencer Roach","Roach","http://ballotpedia.org/Spencer_Roach",76,"House",NA,"partisan_cross",0.983193277310924,238,234,991,4,46,3,0,58,NA,122396,15071,8262,1487,904,58,148403,0.824754216558964,0.101554550784014,0.0556727289879585,0.010020013072512,0.00648234873958074,"CVAP",2022,0.319118430644132,0.670677344022554,"R",35,35,20018,14,108
19069,"R","Stan McClain","McClain","http://ballotpedia.org/Stan_McClain",27,"House",NA,"partisan_cross",0.995515695067265,223,222,972,1,31,0,0,25,NA,116981,19269,7982,2659,911,10,147753,0.791733501181025,0.130413595663032,0.0540225917578662,0.0179962504991438,0.00623337597206148,"CVAP",2022,0.316980297339759,0.670989261721518,"R",35,35,19069,13,107
24809,"R","Susan Plasencia","Plasencia","http://ballotpedia.org/Susan_Plasencia",37,"House",NA,"partisan_cross",0.973684210526316,190,185,866,5,37,10,0,69,NA,80191,32981,14106,6874,730,65,135177,0.59322961746451,0.24398381381448,0.104352071728179,0.0508518460980788,0.00588117801105218,"CVAP",2022,0.521971940057576,0.459033576209745,"D",6,-6,24809,83,39
19960,"D","Susan Valdes","Valdes","http://ballotpedia.org/Susan_Valdes",64,"House",NA,"partisan_cross",0.972350230414747,217,211,935,6,59,31,4,NA,7,41387,59378,12589,3480,537,105,117650,0.351780705482363,0.504700382490438,0.107003824904377,0.029579260518487,0.00545686357841054,"CVAP",2022,0.557305402016825,0.425895440559041,"D",13,-13,19960,90,30
23358,"R","Taylor Yarkosky","Yarkosky","http://ballotpedia.org/Taylor_Yarkosky",25,"House",NA,"partisan_cross",1,224,224,1071,0,60,1,0,7,NA,86845,25028,14707,4216,873,30,132014,0.657846895026285,0.189585953004984,0.111404851000651,0.0319360067871589,0.00684018361688912,"CVAP",2022,0.410369078383572,0.578521854995657,"R",17,17,23358,46,74
1735,"R","Thad Altman","Altman","http://ballotpedia.org/Thad_Altman",32,"House",NA,"partisan_cross",0.982300884955752,226,222,988,4,22,1,0,59,NA,115149,12589,9163,4086,859,141,142766,0.806557583738425,0.088179258366838,0.0641819480828769,0.028620259725705,0.00700446885112702,"CVAP",2022,0.389569107872321,0.594381677531701,"R",20,20,1735,40,81
21781,"R","Thomas Fabricio","Fabricio","http://ballotpedia.org/Tom_Fabricio",110,"House",NA,"partisan_cross",0.991525423728814,236,234,1029,2,106,2,1,36,NA,5939,97366,6155,1227,124,0,110857,0.0535735226462921,0.878302678225101,0.0555219787654366,0.0110683132323624,0.00111855814247183,"CVAP",2022,0.381827294259425,0.609284756373945,"R",23,23,21781,35,88
23349,"R","Tiffany Esposito","Esposito","http://ballotpedia.org/Tiffany_Esposito",77,"House",NA,"partisan_cross",1,201,201,979,0,51,1,0,14,NA,72778,35088,15890,2600,616,81,127400,0.571255886970173,0.27541601255887,0.124725274725275,0.0204081632653061,0.00547095761381476,"CVAP",2022,0.39516665058851,0.593781853614751,"R",20,20,23349,41,82
19940,"D","Tina Polsky","Polsky","http://ballotpedia.org/Tina_Polsky",30,"Senate",NA,"partisan_cross",0.951048951048951,143,136,1144,7,15,15,7,NA,7,193531,74679,77299,14001,1559,59,362264,0.534226420511009,0.206145242143851,0.213377536823974,0.0386486098535874,0.00446635602764834,"CVAP",2022,0.582430333489322,0.408415774137164,"D",17,-17,19940,33,8
20418,"R","Toby Overdorf","Overdorf","http://ballotpedia.org/Toby_Overdorf",85,"House",NA,"partisan_cross",0.988095238095238,252,249,1105,3,38,5,0,47,NA,90341,26045,18770,2970,729,90,139114,0.649402648187817,0.187220552927815,0.134925313052604,0.0213493968975085,0.00588725793234326,"CVAP",2022,0.440105789109599,0.54934726357032,"R",11,11,20418,59,62
25070,"D","Tom Keen","Keen","http://ballotpedia.org/Tom_Keen",35,"House",NA,"partisan_cross",0.922222222222222,90,83,423,7,4,2,2,NA,18,65574,37127,12372,6795,648,60,123158,0.532438006463242,0.301458289351889,0.100456324396304,0.0551730297666412,0.005748713035288,"CVAP",2022,0.491998084175532,0.492297243147131,"R",0,0,25070,78,42
19047,"R","Tom Leek","Leek","http://ballotpedia.org/Tom_Leek",28,"House",NA,"partisan_cross",0.99468085106383,188,187,853,1,108,0,0,32,NA,107063,9945,25831,3027,1062,30,147090,0.727874090692773,0.0676116663267387,0.175613569923176,0.0205792372017132,0.00742402610646543,"CVAP",2022,0.433969136813671,0.5520449979608,"R",12,12,19047,56,65
19925,"R","Tommy Gregory","Gregory","http://ballotpedia.org/Tommy_Gregory",72,"House",NA,"partisan_cross",0.995283018867924,212,211,913,1,28,5,0,28,NA,112986,13196,6776,3367,807,115,137436,0.822099013358945,0.0960155999883582,0.0493029482813819,0.0244986757472569,0.00670857708315143,"CVAP",2022,0.379031729528731,0.609407626152546,"R",23,23,19925,34,87
19954,"R","Tommy Wright","Wright","http://ballotpedia.org/Tom_Wright",8,"Senate",NA,"partisan_cross",0.987421383647799,159,157,1283,2,19,1,0,15,NA,320446,56728,47785,7251,3021,118,435856,0.735210711794721,0.130153078080834,0.109634833522998,0.0166362284791307,0.00720191990015051,"CVAP",2022,0.399391308112258,0.586428161525035,"R",19,19,19954,13,27
22722,"R","Traci Koster","Koster","http://ballotpedia.org/Traci_Koster",66,"House",NA,"partisan_cross",0.974226804123711,194,189,966,5,85,1,0,68,NA,83273,32319,9171,6034,582,4,131928,0.631200351706992,0.244974531562671,0.0695151901036929,0.0457370687041417,0.0044418167485295,"CVAP",2022,0.443862044144102,0.54164638999409,"R",10,10,22722,62,60
19218,"D","Tracie Davis","Davis","http://ballotpedia.org/Tracie_Davis",5,"Senate",NA,"partisan_cross",0.965217391304348,115,111,1086,4,72,21,10,NA,4,184359,29803,166598,12561,2608,249,397124,0.46423535218219,0.0750470885667953,0.4195112861474,0.0316299191184617,0.00719422648845197,"CVAP",2022,0.580196709915952,0.403426365538061,"D",18,-18,19218,34,7
14984,"R","Travis Hutson","Hutson","http://ballotpedia.org/Travis_Hutson",7,"Senate",NA,"partisan_cross",1,182,182,1312,0,275,0,0,1,NA,347864,30334,33970,10034,3109,169,425868,0.816835263508881,0.0712286436172711,0.0797665004179699,0.0235612912921375,0.00769722073506345,"CVAP",2022,0.343571966431828,0.643910896411505,"R",30,30,14984,5,36
19698,"R","Tyler Sirois","Sirois","http://ballotpedia.org/Tyler_Sirois",31,"House",NA,"partisan_cross",0.987068965517241,232,229,1035,3,171,10,0,53,NA,118747,10703,12199,3142,1118,138,146244,0.811978611088318,0.0731859084817155,0.0834153879817292,0.0214846421049752,0.00858838653209704,"CVAP",2022,0.365188128346011,0.618619188348612,"R",25,25,19698,31,89
23319,"R","Vicki Lopez","Lopez","http://ballotpedia.org/Vicki_Lopez",113,"House",NA,"partisan_cross",0.926315789473684,190,176,891,14,50,1,0,82,NA,21849,70440,3807,2372,321,15,99035,0.220618973090322,0.711263694653405,0.0384409552178523,0.0239511283889534,0.0033927399404251,"CVAP",2022,0.53990299890437,0.449164672384166,"D",9,-9,23319,88,36
14986,"D","Victor Torres","Torres","http://ballotpedia.org/Victor_Torres_(Florida)",25,"Senate",NA,"partisan_cross",0.958579881656805,169,162,1358,7,207,24,7,NA,6,113627,179287,35519,13347,1659,509,345508,0.32886937494935,0.518908389964921,0.102802250599118,0.0386300751357422,0.00627481852808039,"CVAP",2022,0.563702214552729,0.421923719377537,"D",14,-14,14986,31,10
22660,"R","Webster Barnaby","Barnaby","http://ballotpedia.org/Webster_Barnaby",29,"House",NA,"partisan_cross",0.991902834008097,247,245,1151,2,72,0,0,35,NA,84438,33280,13807,1691,685,64,134079,0.62976305014208,0.248211875088567,0.102976603345789,0.0126119675713572,0.00558625884739594,"CVAP",2022,0.43505146290806,0.550468479178791,"R",12,12,22660,57,66
19738,"R","Will Robinson","Robinson","http://ballotpedia.org/Will_Robinson",71,"House",NA,"partisan_cross",0.976744186046512,258,252,1120,6,40,2,0,65,NA,97815,16470,16224,1908,733,20,133268,0.733972146351712,0.123585556922892,0.121739652429691,0.0143170153375154,0.0056502686316295,"CVAP",2022,0.424595866065766,0.561723640093793,"R",14,14,19738,51,71
20836,"R","Wyman Duggan","Duggan","http://ballotpedia.org/Wyman_Duggan",12,"House",NA,"partisan_cross",0.990338164251208,207,205,972,2,100,1,0,40,NA,85642,13534,28734,5882,928,90,135171,0.633582647165442,0.100125026817883,0.212575182546552,0.0435152510523707,0.00753120121919643,"CVAP",2022,0.431886972582356,0.551398820759808,"R",12,12,20836,55,64
21887,"D","Yvonne Hayes Hinson","Hayes Hinson","http://ballotpedia.org/Yvonne_Hayes_Hinson",21,"House",NA,"partisan_cross",0.964102564102564,195,188,886,7,82,24,3,NA,11,72443,14363,39960,3255,1598,115,132177,0.548075686390219,0.108664896313277,0.302321886561202,0.0246260695885063,0.0129598946866701,"CVAP",2022,0.623974730685981,0.359262661266744,"D",26,-26,21887,102,19
