"chamber","district_number","n_Dem","n_Rep","n_Total_Elec","pct_D","pct_R","source_elec","weight"
"House",0,0,0,0,NA,NA,"16_PRES",0.1
"House",1,28034,51043,82804,0.338558523742814,0.616431573353944,"16_PRES",0.1
"House",2,34511,51856,91648,0.37656031773743,0.565817039106145,"16_PRES",0.1
"House",3,15041,61029,80283,0.187349750258461,0.760173386644744,"16_PRES",0.1
"House",4,22120,62113,90217,0.245186605628651,0.688484431980669,"16_PRES",0.1
"House",5,17631,60788,80952,0.217795730803439,0.750914121948809,"16_PRES",0.1
"House",6,21797,62194,88222,0.247069891863707,0.704971549046723,"16_PRES",0.1
"House",7,19995,58691,81226,0.246165021052372,0.722564203580134,"16_PRES",0.1
"House",8,58075,19825,81281,0.714496622826983,0.243906940121308,"16_PRES",0.1
"House",9,54053,46470,105657,0.511589388303662,0.439819415656322,"16_PRES",0.1
"House",10,22199,55351,80199,0.276798962580581,0.690170700382798,"16_PRES",0.1
"House",11,23227,58933,85876,0.270471377334762,0.686256928594718,"16_PRES",0.1
"House",12,34505,45661,84163,0.4099782564785,0.54253056568801,"16_PRES",0.1
"House",13,47600,27694,78103,0.609451621576636,0.354583050587045,"16_PRES",0.1
"House",14,45460,23814,71803,0.633121178780831,0.331657451638511,"16_PRES",0.1
"House",15,25779,55465,84343,0.305644807512182,0.657612368542736,"16_PRES",0.1
"House",16,32552,51227,88470,0.367943935797445,0.579032440375268,"16_PRES",0.1
"House",17,30677,42077,76683,0.400049554660094,0.548713534942556,"16_PRES",0.1
"House",18,24338,58138,86293,0.282039099347572,0.673727880592864,"16_PRES",0.1
"House",19,36302,53469,93518,0.388181954276182,0.571750892876238,"16_PRES",0.1
"House",20,22554,58714,84231,0.267763649962603,0.697059277463167,"16_PRES",0.1
"House",21,43532,23242,70226,0.619884373309031,0.33096004328881,"16_PRES",0.1
"House",22,41095,44397,90084,0.456185338128858,0.492840015985081,"16_PRES",0.1
"House",23,26236,62269,92069,0.284960192898804,0.676329709239809,"16_PRES",0.1
"House",24,29860,50303,83185,0.358958946925527,0.60471238805073,"16_PRES",0.1
"House",25,31278,43241,77009,0.406160318923762,0.561505798023608,"16_PRES",0.1
"House",26,28099,49211,79808,0.352082497995188,0.616617381716119,"16_PRES",0.1
"House",27,28487,56415,87995,0.323734303085403,0.641115972498437,"16_PRES",0.1
"House",28,38019,42835,84340,0.450782546834242,0.507884752193502,"16_PRES",0.1
"House",29,34719,39946,78108,0.444499923183285,0.511420085010498,"16_PRES",0.1
"House",30,33759,56960,94871,0.355841089479398,0.600394219519137,"16_PRES",0.1
"House",31,34725,58514,98430,0.352788783907345,0.59447322970639,"16_PRES",0.1
"House",32,36605,57443,99413,0.36821140092342,0.577821814048464,"16_PRES",0.1
"House",33,36562,43587,84609,0.432128969731352,0.515157961918945,"16_PRES",0.1
"House",34,32725,55774,91273,0.358539765319426,0.611067895215453,"16_PRES",0.1
"House",35,35296,32659,71781,0.491717864058734,0.454981123138435,"16_PRES",0.1
"House",36,37896,36749,78491,0.482806946019289,0.468193805659248,"16_PRES",0.1
"House",37,38365,31121,74220,0.516909188897871,0.419307464295338,"16_PRES",0.1
"House",38,41384,39397,85780,0.482443460013989,0.459279552343204,"16_PRES",0.1
"House",39,36367,39198,79084,0.459852814728643,0.495650194729655,"16_PRES",0.1
"House",40,45178,17903,65595,0.688741519932922,0.27293238813934,"16_PRES",0.1
"House",41,40403,8818,50996,0.79227782571182,0.172915522786101,"16_PRES",0.1
"House",42,49106,38029,92516,0.530783864412642,0.411053223226253,"16_PRES",0.1
"House",43,42851,19575,65566,0.65355519629076,0.298554128664247,"16_PRES",0.1
"House",44,40308,21158,64335,0.62653299137328,0.328872309007539,"16_PRES",0.1
"House",45,30787,31214,65109,0.47285321537729,0.479411448494064,"16_PRES",0.1
"House",46,41220,14762,58083,0.709674087082279,0.254153538901228,"16_PRES",0.1
"House",47,41348,23866,68020,0.60788003528374,0.350867391943546,"16_PRES",0.1
"House",48,33004,39589,75319,0.438189567041517,0.525617706023712,"16_PRES",0.1
"House",49,25917,43700,72744,0.356276806334543,0.600736830528978,"16_PRES",0.1
"House",50,30128,40718,74490,0.404456974090482,0.546623707880252,"16_PRES",0.1
"House",51,28384,33423,64417,0.440629026499216,0.518853718738842,"16_PRES",0.1
"House",52,29866,68591,101375,0.294609124537608,0.676606658446362,"16_PRES",0.1
"House",53,29538,54235,87206,0.338715226016559,0.62191821663647,"16_PRES",0.1
"House",54,28487,39827,71614,0.39778534923339,0.556134275421007,"16_PRES",0.1
"House",55,29031,49307,81899,0.354473192590874,0.602046423033248,"16_PRES",0.1
"House",56,27657,41846,73068,0.378510428641813,0.57269940329556,"16_PRES",0.1
"House",57,41702,56712,103288,0.403744868716598,0.549066687320889,"16_PRES",0.1
"House",58,39442,45321,89088,0.442730783045977,0.508721713362069,"16_PRES",0.1
"House",59,36960,46565,87871,0.420616585676731,0.529924548485849,"16_PRES",0.1
"House",60,44020,36452,85653,0.513934129569309,0.425577621332586,"16_PRES",0.1
"House",61,42936,48740,96304,0.445838179099518,0.506105665392922,"16_PRES",0.1
"House",62,46621,15357,64600,0.721687306501548,0.237724458204334,"16_PRES",0.1
"House",63,47751,11881,62278,0.766739458556794,0.190773627926395,"16_PRES",0.1
"House",64,41028,21442,65589,0.62553172025797,0.326914574090168,"16_PRES",0.1
"House",65,42324,40493,87710,0.482544749743473,0.461669136928514,"16_PRES",0.1
"House",66,39928,47824,92147,0.433307649733578,0.518996820298002,"16_PRES",0.1
"House",67,37254,25241,65853,0.565714546034349,0.383293092190181,"16_PRES",0.1
"House",68,27358,45460,76277,0.358666439424728,0.595985683757882,"16_PRES",0.1
"House",69,33577,38448,75901,0.442378888288692,0.506554590848605,"16_PRES",0.1
"House",70,27670,39396,69805,0.396389943413796,0.564372179643292,"16_PRES",0.1
"House",71,33213,40941,77550,0.428278529980658,0.527930367504836,"16_PRES",0.1
"House",72,30557,47254,81150,0.376549599507086,0.582304374614911,"16_PRES",0.1
"House",73,49173,51619,104817,0.469131915624374,0.492467824875736,"16_PRES",0.1
"House",74,34729,50512,88945,0.390454775423014,0.567901512170442,"16_PRES",0.1
"House",75,34910,58410,96868,0.36038733121361,0.602985506049469,"16_PRES",0.1
"House",76,27771,53974,84476,0.328744258724371,0.638927032529949,"16_PRES",0.1
"House",77,25266,32225,59465,0.424888589926848,0.541915412427478,"16_PRES",0.1
"House",78,32975,39787,75168,0.438684014474244,0.529307684120903,"16_PRES",0.1
"House",79,29971,50384,82922,0.361436048334579,0.607607148886906,"16_PRES",0.1
"House",80,34202,63885,100931,0.338865165310955,0.632957168758855,"16_PRES",0.1
"House",81,33826,61758,99047,0.341514634466465,0.623522166244308,"16_PRES",0.1
"House",82,22808,31996,56785,0.401655366734173,0.563458659857357,"16_PRES",0.1
"House",83,22316,47159,71799,0.310812128302623,0.65681973286536,"16_PRES",0.1
"House",84,37660,41258,81477,0.462216330989113,0.506376032499969,"16_PRES",0.1
"House",85,36405,42941,82439,0.441599243076699,0.520882106769854,"16_PRES",0.1
"House",86,35318,57017,95901,0.368275617563946,0.594540202917592,"16_PRES",0.1
"House",87,43165,43025,89434,0.482646420824295,0.48108102064092,"16_PRES",0.1
"House",88,45610,11846,59046,0.77244859939708,0.20062324289537,"16_PRES",0.1
"House",89,30994,17262,49935,0.620686892960849,0.34568939621508,"16_PRES",0.1
"House",90,49007,30411,81857,0.598690399110644,0.371513737371269,"16_PRES",0.1
"House",91,46827,40817,90074,0.519872549237294,0.453149632524369,"16_PRES",0.1
"House",92,59339,37188,98539,0.602187966185977,0.377393722282548,"16_PRES",0.1
"House",93,45331,35843,83532,0.542678255039985,0.429093042187425,"16_PRES",0.1
"House",94,41870,38199,82293,0.508791756285468,0.464182858809376,"16_PRES",0.1
"House",95,48403,28890,79413,0.609509777996046,0.363794340976918,"16_PRES",0.1
"House",96,52909,25863,81229,0.651356042792599,0.318396139309852,"16_PRES",0.1
"House",97,56306,11370,69140,0.814376627133353,0.164448944171247,"16_PRES",0.1
"House",98,48565,17460,67652,0.717864955951044,0.258085496363744,"16_PRES",0.1
"House",99,60624,14834,77223,0.785051085816402,0.192093029278842,"16_PRES",0.1
"House",100,43963,44317,91023,0.482987816266218,0.486876943190183,"16_PRES",0.1
"House",101,41066,25255,68472,0.59974880243019,0.368836896833742,"16_PRES",0.1
"House",102,54101,35406,92307,0.586098562405885,0.383567876759076,"16_PRES",0.1
"House",103,54986,29655,87287,0.629944894428724,0.339741313139414,"16_PRES",0.1
"House",104,55226,13937,70759,0.780480221597253,0.196964343758391,"16_PRES",0.1
"House",105,54318,15522,71899,0.755476432217416,0.215886173660273,"16_PRES",0.1
"House",106,44595,24678,71232,0.626052897574124,0.346445417789757,"16_PRES",0.1
"House",107,58131,9892,69507,0.83633303120549,0.142316601205634,"16_PRES",0.1
"House",108,58251,8293,68140,0.854872321690637,0.121705312591723,"16_PRES",0.1
"House",109,47416,6905,55351,0.856642156419938,0.124749327022095,"16_PRES",0.1
"House",110,35052,30017,66958,0.523492338480839,0.448295946712865,"16_PRES",0.1
"House",111,30847,21054,53532,0.576234775461406,0.393297466935665,"16_PRES",0.1
"House",112,28450,27058,56946,0.499596108594107,0.475151898289608,"16_PRES",0.1
"House",113,35601,19044,56579,0.62922639141731,0.336591314798777,"16_PRES",0.1
"House",114,43473,30897,77049,0.564225363080637,0.401004555542577,"16_PRES",0.1
"House",115,46298,36517,85919,0.538856364715604,0.425016585388564,"16_PRES",0.1
"House",116,38108,34772,75483,0.504855397904164,0.46066001616258,"16_PRES",0.1
"House",117,39286,10295,50884,0.772069805832875,0.202322930587218,"16_PRES",0.1
"House",118,40869,33553,77012,0.530683529839506,0.435685347738015,"16_PRES",0.1
"House",119,43184,28781,74466,0.579915666210083,0.386498536244729,"16_PRES",0.1
"House",120,33191,31711,67802,0.489528332497566,0.467700067844606,"16_PRES",0.1
"Senate",0,0,0,0,NA,NA,"16_PRES",0.1
"Senate",1,78291,163910,255531,0.306385526609296,0.641448591364648,"16_PRES",0.1
"Senate",2,60842,185112,258595,0.235279104391036,0.715837506525648,"16_PRES",0.1
"Senate",3,132123,124986,268164,0.492694768872779,0.466080458227055,"16_PRES",0.1
"Senate",4,88823,158778,259704,0.342016295474848,0.611380648738564,"16_PRES",0.1
"Senate",5,127750,87160,223861,0.570666619018051,0.389348747660379,"16_PRES",0.1
"Senate",6,88355,155534,255043,0.34643177817074,0.609834420078183,"16_PRES",0.1
"Senate",7,91948,170004,273028,0.336771320157639,0.62266141201635,"16_PRES",0.1
"Senate",8,104266,139808,255152,0.408642691415313,0.54794005142033,"16_PRES",0.1
"Senate",9,97538,138754,245694,0.396989751479483,0.564743135770511,"16_PRES",0.1
"Senate",10,122993,123881,260914,0.471392872747342,0.47479629303142,"16_PRES",0.1
"Senate",11,86399,184635,281082,0.307380052795981,0.6568723717634,"16_PRES",0.1
"Senate",12,89823,108124,206587,0.434795025824471,0.523382400635084,"16_PRES",0.1
"Senate",13,90158,130443,228756,0.394122995680988,0.570227666159576,"16_PRES",0.1
"Senate",14,124487,110485,247525,0.502926977073023,0.446358953641046,"16_PRES",0.1
"Senate",15,123716,59525,190878,0.648141744988946,0.31184840578799,"16_PRES",0.1
"Senate",16,132495,53429,194928,0.679712509234179,0.274096076500041,"16_PRES",0.1
"Senate",17,127368,79293,219097,0.581331556342624,0.361908195913226,"16_PRES",0.1
"Senate",18,122449,138280,274845,0.445520202295839,0.503119940330004,"16_PRES",0.1
"Senate",19,107547,159387,281752,0.381708026917289,0.565699622362929,"16_PRES",0.1
"Senate",20,93509,129597,233490,0.400483960769198,0.555043042528588,"16_PRES",0.1
"Senate",21,107264,149162,269050,0.398676825868798,0.554402527411262,"16_PRES",0.1
"Senate",22,118846,152615,282595,0.420552380615368,0.540048479272457,"16_PRES",0.1
"Senate",23,92085,121944,224350,0.410452418096724,0.543543570314241,"16_PRES",0.1
"Senate",24,122471,65980,194568,0.62945088606554,0.339110233954196,"16_PRES",0.1
"Senate",25,119106,63489,190379,0.62562572552645,0.333487411951948,"16_PRES",0.1
"Senate",26,155177,106098,267941,0.579146155310311,0.395975233353611,"16_PRES",0.1
"Senate",27,80577,143981,233275,0.345416354088522,0.617215732504555,"16_PRES",0.1
"Senate",28,82892,134283,224709,0.368885981424865,0.597586211500207,"16_PRES",0.1
"Senate",29,94922,139651,242239,0.391852674424845,0.576500893745433,"16_PRES",0.1
"Senate",30,139314,84601,230236,0.605092166298928,0.367453395646206,"16_PRES",0.1
"Senate",31,115243,146331,270944,0.425338815400968,0.540078392582969,"16_PRES",0.1
"Senate",32,173668,49354,228532,0.759928587681375,0.215961003273065,"16_PRES",0.1
"Senate",33,94095,146476,248243,0.3790439206745,0.590050877567545,"16_PRES",0.1
"Senate",34,171207,28381,203956,0.839431053756693,0.139152562317363,"16_PRES",0.1
"Senate",35,156741,77679,241612,0.64873019552009,0.321503071039518,"16_PRES",0.1
"Senate",36,107006,67892,180468,0.592936143803888,0.376199658665248,"16_PRES",0.1
"Senate",37,135190,89480,231297,0.584486612450659,0.386861913470559,"16_PRES",0.1
"Senate",38,133614,80044,221249,0.603907814272607,0.361782426135259,"16_PRES",0.1
"Senate",39,95647,74759,175330,0.545525580334227,0.426390235555809,"16_PRES",0.1
"Senate",40,113754,92070,213580,0.532606049255548,0.431079689109467,"16_PRES",0.1
"House",0,0,0,0,NA,NA,"18_GOV",0.1
"House",1,26060,42291,69305,0.37601904624486,0.610215713152009,"18_GOV",0.1
"House",2,31899,44874,77848,0.409760045216319,0.576430993731374,"18_GOV",0.1
"House",3,14736,51986,67918,0.216967519656056,0.765423010100415,"18_GOV",0.1
"House",4,20755,51655,73742,0.281454259445092,0.700482764232052,"18_GOV",0.1
"House",5,15563,50229,66738,0.233195480835506,0.752629686235728,"18_GOV",0.1
"House",6,16757,45709,63331,0.264593958724795,0.721747643334228,"18_GOV",0.1
"House",7,17928,50341,69464,0.258090521709087,0.724706322699528,"18_GOV",0.1
"House",8,54966,16874,72478,0.758381853803913,0.232815475040702,"18_GOV",0.1
"House",9,52307,44773,97985,0.533826606113181,0.456937286319335,"18_GOV",0.1
"House",10,20967,47836,69580,0.301336590974418,0.68749640701351,"18_GOV",0.1
"House",11,23607,50450,74779,0.315690233889193,0.674654649032482,"18_GOV",0.1
"House",12,32846,39159,72693,0.451845432159905,0.53869010771326,"18_GOV",0.1
"House",13,44192,22774,67510,0.654599318619464,0.337342615908754,"18_GOV",0.1
"House",14,41532,19093,61191,0.678727263813306,0.312023009919759,"18_GOV",0.1
"House",15,27286,49664,77616,0.351551226551227,0.639868068439497,"18_GOV",0.1
"House",16,31848,44105,76670,0.415390635189774,0.575257597495761,"18_GOV",0.1
"House",17,30380,36810,67831,0.447877813978859,0.54267222951158,"18_GOV",0.1
"House",18,26653,56417,83720,0.318358815097946,0.673877209746775,"18_GOV",0.1
"House",19,35874,48146,85017,0.421962666290271,0.566310267358293,"18_GOV",0.1
"House",20,21507,50796,73309,0.293374619760193,0.692902644968558,"18_GOV",0.1
"House",21,40136,19372,60203,0.666677740311945,0.321777984485823,"18_GOV",0.1
"House",22,39750,39724,80466,0.493997464767728,0.493674346929138,"18_GOV",0.1
"House",23,24431,54397,81025,0.301524220919469,0.671360691144708,"18_GOV",0.1
"House",24,27866,44926,73968,0.37673047804456,0.607370754921047,"18_GOV",0.1
"House",25,30229,39791,70923,0.426222805013888,0.561045077055398,"18_GOV",0.1
"House",26,26656,44460,72241,0.368987140266608,0.615439985603743,"18_GOV",0.1
"House",27,26611,49376,77237,0.344536944728563,0.6392791019848,"18_GOV",0.1
"House",28,34638,37509,73229,0.473009326906007,0.512215106037226,"18_GOV",0.1
"House",29,31705,34088,66754,0.47495281181652,0.510651047128262,"18_GOV",0.1
"House",30,31810,50275,83461,0.381136099495573,0.602377158193647,"18_GOV",0.1
"House",31,32955,52083,86447,0.381216236537994,0.602484759447986,"18_GOV",0.1
"House",32,35897,52394,89592,0.400671934994196,0.584806679167783,"18_GOV",0.1
"House",33,35048,38084,74313,0.471626767860267,0.512480992558503,"18_GOV",0.1
"House",34,32017,51610,84679,0.378098465971492,0.609478146884115,"18_GOV",0.1
"House",35,33184,28880,62877,0.527760548372219,0.459309445425195,"18_GOV",0.1
"House",36,35224,32183,68228,0.516268980477223,0.471697836665299,"18_GOV",0.1
"House",37,35718,26957,63483,0.562638816691083,0.424633366413055,"18_GOV",0.1
"House",38,39545,34571,75075,0.526739926739927,0.460486180486181,"18_GOV",0.1
"House",39,34300,34662,69668,0.492335074926796,0.49753114772923,"18_GOV",0.1
"House",40,41293,15248,57076,0.72347396453851,0.267152568505151,"18_GOV",0.1
"House",41,32930,6864,40173,0.819704776840166,0.170861026062281,"18_GOV",0.1
"House",42,47877,34527,83271,0.5749540656411,0.414634146341463,"18_GOV",0.1
"House",43,34306,17205,52265,0.656385726585669,0.329187792978092,"18_GOV",0.1
"House",44,33546,18933,53101,0.631739515263366,0.356546957684413,"18_GOV",0.1
"House",45,31680,30698,62982,0.503000857387825,0.487409101012988,"18_GOV",0.1
"House",46,31259,12681,44585,0.701110238869575,0.284423012223842,"18_GOV",0.1
"House",47,33446,21589,55814,0.599240333966388,0.386802594331171,"18_GOV",0.1
"House",48,28816,35316,65041,0.44304361864055,0.542980581479375,"18_GOV",0.1
"House",49,22373,37241,60475,0.369954526663911,0.615808185200496,"18_GOV",0.1
"House",50,26998,34936,62897,0.429241458257151,0.555447795602334,"18_GOV",0.1
"House",51,25858,29225,55993,0.461807725965746,0.521940242530316,"18_GOV",0.1
"House",52,28679,65580,95407,0.300596392298259,0.687370947624388,"18_GOV",0.1
"House",53,27211,45071,73657,0.369428567549588,0.611903824483756,"18_GOV",0.1
"House",54,27690,35025,63761,0.434278006932137,0.549316980599426,"18_GOV",0.1
"House",55,28688,43337,73099,0.392454069139113,0.592853527408036,"18_GOV",0.1
"House",56,25391,33220,60041,0.422894355523725,0.553288586132809,"18_GOV",0.1
"House",57,40111,49934,91316,0.439254895089579,0.54682640501117,"18_GOV",0.1
"House",58,36530,39508,77203,0.473168141134412,0.51174177169281,"18_GOV",0.1
"House",59,33809,39077,74329,0.454856112688184,0.525730199518358,"18_GOV",0.1
"House",60,42387,31667,75332,0.5626692507832,0.420365847183136,"18_GOV",0.1
"House",61,41322,42858,85547,0.483032718856301,0.500987761113774,"18_GOV",0.1
"House",62,43483,12672,56795,0.765613170173431,0.223118232238753,"18_GOV",0.1
"House",63,41850,9969,52362,0.799243726366449,0.190386157900768,"18_GOV",0.1
"House",64,32935,18492,52238,0.630479727401508,0.353995175925571,"18_GOV",0.1
"House",65,39779,37178,77736,0.511719152001647,0.47825975095194,"18_GOV",0.1
"House",66,37235,42664,80842,0.460589792434626,0.527745478835259,"18_GOV",0.1
"House",67,34738,21348,56739,0.612242020479741,0.376249140802623,"18_GOV",0.1
"House",68,25058,39385,65377,0.383284641387644,0.602428988788106,"18_GOV",0.1
"House",69,31839,33059,65649,0.484988347118768,0.503572026992033,"18_GOV",0.1
"House",70,28504,37270,66720,0.427218225419664,0.558603117505995,"18_GOV",0.1
"House",71,29885,35524,66535,0.449162095137897,0.533914481100173,"18_GOV",0.1
"House",72,30227,44831,76089,0.397258473629565,0.589191604568334,"18_GOV",0.1
"House",73,47059,47951,96044,0.489973345549956,0.499260755487068,"18_GOV",0.1
"House",74,33533,44234,78875,0.425141045958796,0.560811410459588,"18_GOV",0.1
"House",75,34077,53042,88752,0.383957544618713,0.597642870019831,"18_GOV",0.1
"House",76,24554,47981,73925,0.332147446736557,0.6490497125465,"18_GOV",0.1
"House",77,22128,28202,51170,0.432440883330076,0.551143247996873,"18_GOV",0.1
"House",78,29708,36785,67381,0.440895801487066,0.545925409239993,"18_GOV",0.1
"House",79,26152,44312,71602,0.365241194380045,0.618865394821374,"18_GOV",0.1
"House",80,31552,61973,94508,0.333855334998095,0.655743429127693,"18_GOV",0.1
"House",81,29878,58973,89666,0.333214373341066,0.657696339749738,"18_GOV",0.1
"House",82,18944,29091,48727,0.388778295400907,0.597020132575369,"18_GOV",0.1
"House",83,18986,41147,61223,0.31011221273051,0.672084020711171,"18_GOV",0.1
"House",84,35309,35127,71247,0.495585779050346,0.493031285527812,"18_GOV",0.1
"House",85,35335,36322,72454,0.487688740442212,0.501311176746625,"18_GOV",0.1
"House",86,33617,51493,85928,0.391222884275207,0.599257517921981,"18_GOV",0.1
"House",87,39795,39051,79477,0.500710897492356,0.491349698654957,"18_GOV",0.1
"House",88,40347,9418,50051,0.806117759884917,0.188168068570059,"18_GOV",0.1
"House",89,26617,14179,41272,0.644916650513665,0.343550106609808,"18_GOV",0.1
"House",90,45601,26472,72575,0.628329314502239,0.364753703065794,"18_GOV",0.1
"House",91,42353,36837,79690,0.531471953821057,0.462253733216213,"18_GOV",0.1
"House",92,55192,33846,89584,0.616092159314163,0.377813002321843,"18_GOV",0.1
"House",93,42069,31005,73609,0.57151978698257,0.42121208004456,"18_GOV",0.1
"House",94,37833,34057,72491,0.521899270254238,0.469810045384944,"18_GOV",0.1
"House",95,43593,24127,68219,0.639015523534499,0.353669798736422,"18_GOV",0.1
"House",96,46209,21304,68005,0.679494154841556,0.313271083008602,"18_GOV",0.1
"House",97,50499,8950,59766,0.844945286617809,0.149750694374728,"18_GOV",0.1
"House",98,42642,14425,57440,0.742374651810585,0.251131615598886,"18_GOV",0.1
"House",99,53494,12391,66269,0.807225097707827,0.186980337714467,"18_GOV",0.1
"House",100,39494,38767,78813,0.501110222932765,0.49188585639425,"18_GOV",0.1
"House",101,34668,20887,56101,0.617956899164008,0.372310653999037,"18_GOV",0.1
"House",102,47291,31032,78931,0.599143555763895,0.393153513828534,"18_GOV",0.1
"House",103,45636,27160,73281,0.622753510459737,0.370628130074644,"18_GOV",0.1
"House",104,47570,11901,59838,0.79497977873592,0.198886994886193,"18_GOV",0.1
"House",105,45932,12351,58764,0.78163501463481,0.210179701858281,"18_GOV",0.1
"House",106,35353,22545,58461,0.604727938283642,0.385641709857854,"18_GOV",0.1
"House",107,49816,8511,58731,0.848206228397269,0.144914951218266,"18_GOV",0.1
"House",108,49893,6806,57074,0.874180887970004,0.119248694677086,"18_GOV",0.1
"House",109,36822,5700,42956,0.857202719061365,0.132693919359344,"18_GOV",0.1
"House",110,23463,27451,51534,0.455291652113168,0.532677455660341,"18_GOV",0.1
"House",111,20619,20700,41892,0.492194213692352,0.494127757089659,"18_GOV",0.1
"House",112,17165,24181,42058,0.408126872414285,0.574944124780066,"18_GOV",0.1
"House",113,27676,18569,46803,0.59132961562293,0.396748071704805,"18_GOV",0.1
"House",114,33994,30314,64931,0.523540373627389,0.466864825738091,"18_GOV",0.1
"House",115,38294,35048,74015,0.517381611835439,0.473525636695264,"18_GOV",0.1
"House",116,26579,33024,60366,0.440297518470662,0.547062916211112,"18_GOV",0.1
"House",117,31750,9399,41588,0.763441377320381,0.226002693084544,"18_GOV",0.1
"House",118,29265,31645,61600,0.475081168831169,0.513717532467532,"18_GOV",0.1
"House",119,31214,27497,59426,0.525258304445865,0.462709924948676,"18_GOV",0.1
"House",120,28621,27300,56611,0.505573121831446,0.482238434226564,"18_GOV",0.1
"Senate",0,0,0,0,NA,NA,"18_GOV",0.1
"Senate",1,73287,139134,215637,0.33986282502539,0.645223222359799,"18_GOV",0.1
"Senate",2,52483,147610,203244,0.258226565113853,0.726269902186534,"18_GOV",0.1
"Senate",3,125201,111988,239928,0.521827381547798,0.466756693674769,"18_GOV",0.1
"Senate",4,89067,139882,231013,0.385549730967521,0.605515706908269,"18_GOV",0.1
"Senate",5,119017,71722,192498,0.618276553522634,0.372585689201966,"18_GOV",0.1
"Senate",6,86085,134433,222887,0.386227101625487,0.603144194143221,"18_GOV",0.1
"Senate",7,91913,155571,250239,0.367300860377479,0.621689664680565,"18_GOV",0.1
"Senate",8,96146,122031,221651,0.433772010954158,0.550554700858557,"18_GOV",0.1
"Senate",9,90667,121865,215851,0.420044382467535,0.56457926995937,"18_GOV",0.1
"Senate",10,116924,110264,229831,0.5087390299829,0.479761215849907,"18_GOV",0.1
"Senate",11,81004,164464,250187,0.323773817184746,0.657364291509951,"18_GOV",0.1
"Senate",12,79658,93928,176294,0.451847482047035,0.532791813674884,"18_GOV",0.1
"Senate",13,88240,120463,211406,0.417395911185113,0.569818264382279,"18_GOV",0.1
"Senate",14,110807,98560,211911,0.522894045141592,0.465100915006772,"18_GOV",0.1
"Senate",15,109479,50946,162069,0.675508579679026,0.314347592692002,"18_GOV",0.1
"Senate",16,122922,46230,171110,0.718379989480451,0.270177079071942,"18_GOV",0.1
"Senate",17,113662,69568,185608,0.612376621697341,0.374811430541787,"18_GOV",0.1
"Senate",18,114672,118881,237744,0.482333939026852,0.500037855844942,"18_GOV",0.1
"Senate",19,103599,142547,250031,0.414344621266963,0.570117305454124,"18_GOV",0.1
"Senate",20,90716,117721,211419,0.429081586801565,0.556813720621136,"18_GOV",0.1
"Senate",21,101177,127567,232573,0.435033301372042,0.548503050655063,"18_GOV",0.1
"Senate",22,114664,138984,257016,0.446135649142466,0.540760108320105,"18_GOV",0.1
"Senate",23,87600,106251,196730,0.445280333451939,0.540085396228333,"18_GOV",0.1
"Senate",24,108794,56300,166474,0.653519468505593,0.33819094873674,"18_GOV",0.1
"Senate",25,96293,56391,154818,0.621975480887235,0.364240592179204,"18_GOV",0.1
"Senate",26,143698,94856,240074,0.59855711155727,0.395111507285254,"18_GOV",0.1
"Senate",27,72139,126620,202142,0.356872891333815,0.626391348655895,"18_GOV",0.1
"Senate",28,72815,127389,202495,0.359589125657424,0.629097014741105,"18_GOV",0.1
"Senate",29,88416,122743,214035,0.413091316840704,0.573471628471979,"18_GOV",0.1
"Senate",30,123466,71646,196474,0.628408847990065,0.364658937060374,"18_GOV",0.1
"Senate",31,109303,130567,242057,0.451558930334591,0.539406007675878,"18_GOV",0.1
"Senate",32,154177,40718,196083,0.786284379573956,0.207656961592795,"18_GOV",0.1
"Senate",33,83806,132550,219501,0.38180236080929,0.603869686242887,"18_GOV",0.1
"Senate",34,144785,24066,169996,0.85169651050613,0.141568036894986,"18_GOV",0.1
"Senate",35,133092,68477,203083,0.655357661645731,0.337187258411585,"18_GOV",0.1
"Senate",36,77597,63758,143236,0.541742299421933,0.445125527102125,"18_GOV",0.1
"Senate",37,115640,76925,194177,0.595539121523146,0.396159174361536,"18_GOV",0.1
"Senate",38,109457,77536,188747,0.579913852935411,0.410793284131668,"18_GOV",0.1
"Senate",39,62735,69161,133735,0.469099338243541,0.517149586869555,"18_GOV",0.1
"Senate",40,86100,84627,172759,0.498382139280732,0.489855810695825,"18_GOV",0.1
"House",0,0,0,0,NA,NA,"20_PRES",0.5
"House",1,35131,55401,92099,0.381448224193531,0.601537475976938,"20_PRES",0.5
"House",2,43119,57362,102586,0.42032051157078,0.559160119314526,"20_PRES",0.5
"House",3,22791,72852,97666,0.233356541682878,0.745930006348166,"20_PRES",0.5
"House",4,31748,68242,102446,0.309899849676903,0.666126544716241,"20_PRES",0.5
"House",5,21584,71665,94201,0.229127079330368,0.760766870840012,"20_PRES",0.5
"House",6,25614,66097,93213,0.274789997103408,0.70909637067791,"20_PRES",0.5
"House",7,22731,67649,91208,0.249221559512323,0.741700289448294,"20_PRES",0.5
"House",8,63513,21074,85806,0.740192993496958,0.245600540754726,"20_PRES",0.5
"House",9,61792,50579,113903,0.542496685776494,0.444053273399296,"20_PRES",0.5
"House",10,25637,63883,90562,0.283087829332391,0.705406241028246,"20_PRES",0.5
"House",11,32225,65410,99185,0.32489791803196,0.65947471895952,"20_PRES",0.5
"House",12,42071,47760,91366,0.460466694393976,0.522732745222512,"20_PRES",0.5
"House",13,54005,29579,84845,0.636513642524604,0.348623961341269,"20_PRES",0.5
"House",14,50832,25753,77784,0.653502005553841,0.331083513318934,"20_PRES",0.5
"House",15,37532,67932,106956,0.350910654848723,0.635139683608213,"20_PRES",0.5
"House",16,41390,56555,99515,0.4159171984123,0.5683062854846,"20_PRES",0.5
"House",17,42290,48749,92610,0.456646150523702,0.526390238635137,"20_PRES",0.5
"House",18,39942,75748,117198,0.34080786361542,0.646325022611307,"20_PRES",0.5
"House",19,45668,64637,111451,0.409758548599833,0.579958905707441,"20_PRES",0.5
"House",20,27005,69544,97655,0.276534739644667,0.712139675387845,"20_PRES",0.5
"House",21,50191,26503,77896,0.64433347026805,0.340235698880559,"20_PRES",0.5
"House",22,49007,50074,100523,0.487520268993166,0.498134755230146,"20_PRES",0.5
"House",23,31178,74554,106811,0.291898774470794,0.697999269738136,"20_PRES",0.5
"House",24,37275,60112,98382,0.378880282978594,0.611006078347665,"20_PRES",0.5
"House",25,43564,55379,99900,0.436076076076076,0.554344344344344,"20_PRES",0.5
"House",26,35763,58855,95458,0.374646441366884,0.616553877097781,"20_PRES",0.5
"House",27,34233,66758,102040,0.335486083888671,0.654233633869071,"20_PRES",0.5
"House",28,44355,51645,97191,0.45636941692132,0.531376362008828,"20_PRES",0.5
"House",29,42057,48673,91893,0.457673598641899,0.529670377504271,"20_PRES",0.5
"House",30,40652,68556,110459,0.368027956074199,0.620646574747191,"20_PRES",0.5
"House",31,41611,65422,108624,0.383073722197673,0.602279422595375,"20_PRES",0.5
"House",32,46849,65267,113788,0.411721798432172,0.573584209231202,"20_PRES",0.5
"House",33,46457,52237,100215,0.46357331736766,0.521249313974954,"20_PRES",0.5
"House",34,42379,67167,110685,0.382879342277635,0.606830193793197,"20_PRES",0.5
"House",35,46479,42017,89739,0.517935345836258,0.468213374341145,"20_PRES",0.5
"House",36,47571,43594,92412,0.514770808985846,0.471735272475436,"20_PRES",0.5
"House",37,44765,35757,81939,0.546321043703243,0.436385603924871,"20_PRES",0.5
"House",38,51780,44240,97504,0.53105513619954,0.453724975385625,"20_PRES",0.5
"House",39,46022,44833,92001,0.500233693112031,0.487309920544342,"20_PRES",0.5
"House",40,52803,21133,74801,0.705913022553174,0.282522960922982,"20_PRES",0.5
"House",41,43124,11873,55678,0.774524947016775,0.213244010201516,"20_PRES",0.5
"House",42,61216,42087,104880,0.583676582761251,0.401287185354691,"20_PRES",0.5
"House",43,45195,27525,73786,0.612514569159461,0.373038245737674,"20_PRES",0.5
"House",44,46959,28900,76777,0.611628482488245,0.37641481172747,"20_PRES",0.5
"House",45,48641,43543,93351,0.521054943171471,0.4664438516995,"20_PRES",0.5
"House",46,44406,23448,68620,0.647129116875547,0.341707956863888,"20_PRES",0.5
"House",47,45878,35169,81986,0.55958334349767,0.428963481570024,"20_PRES",0.5
"House",48,40079,48758,89761,0.446507948886487,0.543198048150087,"20_PRES",0.5
"House",49,29882,52544,83606,0.357414539626343,0.628471640791331,"20_PRES",0.5
"House",50,35727,48578,85623,0.417259381241022,0.567347558483118,"20_PRES",0.5
"House",51,39364,44708,85041,0.462882609564798,0.525722886607636,"20_PRES",0.5
"House",52,38004,82484,121346,0.313187084864767,0.679742224712805,"20_PRES",0.5
"House",53,34593,63951,99600,0.347319277108434,0.642078313253012,"20_PRES",0.5
"House",54,39831,52113,93097,0.427844076608269,0.559770991546452,"20_PRES",0.5
"House",55,40096,63247,104732,0.382843829966008,0.60389374785166,"20_PRES",0.5
"House",56,33409,50999,85620,0.390200887643074,0.595643541228685,"20_PRES",0.5
"House",57,50079,64150,115634,0.433081965511874,0.554767628898075,"20_PRES",0.5
"House",58,46635,52008,99978,0.466452619576307,0.520194442777411,"20_PRES",0.5
"House",59,43121,53333,97711,0.441311623051652,0.545823909283499,"20_PRES",0.5
"House",60,54415,43254,99233,0.548355889673798,0.435883224330616,"20_PRES",0.5
"House",61,50701,56317,108396,0.467738661943245,0.519548691833647,"20_PRES",0.5
"House",62,57351,21614,80187,0.715215683340192,0.269544938705775,"20_PRES",0.5
"House",63,52320,15467,68854,0.759868707700351,0.224634734365469,"20_PRES",0.5
"House",64,41549,30196,72755,0.571081025359082,0.415036767232493,"20_PRES",0.5
"House",65,53121,48817,103525,0.513122434194639,0.471547935281333,"20_PRES",0.5
"House",66,49145,54784,105292,0.466749610606694,0.520305436310451,"20_PRES",0.5
"House",67,45026,29779,75996,0.592478551502711,0.391849571030054,"20_PRES",0.5
"House",68,32978,52683,86898,0.379502405118645,0.606262514672374,"20_PRES",0.5
"House",69,43901,45885,91123,0.481777377829966,0.503550146505273,"20_PRES",0.5
"House",70,44095,53166,98428,0.447992441175275,0.540151176494493,"20_PRES",0.5
"House",71,37979,45994,84956,0.447043175290739,0.541386129290456,"20_PRES",0.5
"House",72,41567,61147,103735,0.400703716199933,0.589453896948956,"20_PRES",0.5
"House",73,57570,57874,116561,0.493904479199732,0.496512555657553,"20_PRES",0.5
"House",74,44564,63352,109071,0.408577898799864,0.580832668628691,"20_PRES",0.5
"House",75,44171,71232,116510,0.379117672302807,0.611380997339284,"20_PRES",0.5
"House",76,34253,64711,99731,0.3434538909667,0.648855421082713,"20_PRES",0.5
"House",77,32359,42154,75190,0.430363080196835,0.560633062907302,"20_PRES",0.5
"House",78,41985,47862,90562,0.463605044058214,0.528499812283298,"20_PRES",0.5
"House",79,37285,63132,101175,0.36851989127749,0.623988139362491,"20_PRES",0.5
"House",80,43753,74046,118565,0.369021211993421,0.624518196769704,"20_PRES",0.5
"House",81,42152,70643,113672,0.370821310437047,0.621463509043564,"20_PRES",0.5
"House",82,28795,45023,74506,0.386478941293319,0.604286903068209,"20_PRES",0.5
"House",83,25011,56247,81932,0.305265341990919,0.68650832397598,"20_PRES",0.5
"House",84,44997,48342,94065,0.478360708021049,0.513921224685058,"20_PRES",0.5
"House",85,47892,54450,103214,0.464006820780127,0.527544712926541,"20_PRES",0.5
"House",86,42779,65484,109235,0.391623563876047,0.599478189225065,"20_PRES",0.5
"House",87,51263,51765,103992,0.492951380875452,0.497778675282714,"20_PRES",0.5
"House",88,51431,16288,68400,0.751915204678363,0.23812865497076,"20_PRES",0.5
"House",89,34352,23243,58161,0.590636337064356,0.399632055844982,"20_PRES",0.5
"House",90,57585,36884,95316,0.604148306685132,0.386965462251878,"20_PRES",0.5
"House",91,53950,49282,103964,0.51892962948713,0.474029471740218,"20_PRES",0.5
"House",92,68580,45724,114934,0.596690274418362,0.39782831886126,"20_PRES",0.5
"House",93,53688,43262,97759,0.549187287104001,0.442537259996522,"20_PRES",0.5
"House",94,48038,47980,96795,0.496285965184152,0.495686760679787,"20_PRES",0.5
"House",95,57493,35552,93771,0.613121327489309,0.379136406778215,"20_PRES",0.5
"House",96,60021,31542,92315,0.650176027731138,0.341677950495586,"20_PRES",0.5
"House",97,63614,14791,78973,0.805515809200613,0.187291859243032,"20_PRES",0.5
"House",98,54204,22264,77087,0.703153579721613,0.288816531970371,"20_PRES",0.5
"House",99,65686,18340,84636,0.776100004726121,0.216692660333664,"20_PRES",0.5
"House",100,52570,51704,105067,0.500347397375008,0.492105037737824,"20_PRES",0.5
"House",101,44958,33728,79344,0.56662129461585,0.425085702762654,"20_PRES",0.5
"House",102,60427,43666,104942,0.57581330639782,0.416096510453393,"20_PRES",0.5
"House",103,60110,41196,102104,0.58871346862023,0.403470970774896,"20_PRES",0.5
"House",104,59655,22249,82454,0.723494311980013,0.269835302107842,"20_PRES",0.5
"House",105,58138,22281,81118,0.716708991839049,0.274673931803052,"20_PRES",0.5
"House",106,45686,37246,83547,0.546829928064443,0.445808945862808,"20_PRES",0.5
"House",107,60809,17658,79024,0.769500404940271,0.223451103462239,"20_PRES",0.5
"House",108,60722,13660,75007,0.809551108563201,0.182116335808658,"20_PRES",0.5
"House",109,46796,14589,61861,0.756470150822004,0.235835178868754,"20_PRES",0.5
"House",110,30917,46733,78129,0.395717339272229,0.598151774629139,"20_PRES",0.5
"House",111,28226,40643,69287,0.407378007418419,0.586589114841168,"20_PRES",0.5
"House",112,22883,41199,64421,0.35521025752472,0.639527483274088,"20_PRES",0.5
"House",113,38782,30596,69973,0.554242350620954,0.437254369542538,"20_PRES",0.5
"House",114,44029,43764,88441,0.497834714668536,0.494838366820818,"20_PRES",0.5
"House",115,49035,50883,100695,0.48696558915537,0.505318039624609,"20_PRES",0.5
"House",116,34565,51708,86891,0.397797240220506,0.595090400616865,"20_PRES",0.5
"House",117,41797,22130,64421,0.648810170596545,0.343521522484904,"20_PRES",0.5
"House",118,38267,53208,92053,0.41570616927205,0.578014839277373,"20_PRES",0.5
"House",119,41126,48649,90369,0.45508968783543,0.538337261671591,"20_PRES",0.5
"House",120,37981,41956,80763,0.470277230910194,0.51949531344799,"20_PRES",0.5
"Senate",0,0,0,0,NA,NA,"20_PRES",0.5
"Senate",1,101782,185604,293087,0.347275723590606,0.633272714245258,"20_PRES",0.5
"Senate",2,78205,206015,289124,0.270489478562831,0.712548940938836,"20_PRES",0.5
"Senate",3,148036,139302,290917,0.508859915371051,0.478837606602571,"20_PRES",0.5
"Senate",4,119520,182440,306591,0.389835318062174,0.595059868032656,"20_PRES",0.5
"Senate",5,148600,93888,246485,0.602876442785565,0.380907560297787,"20_PRES",0.5
"Senate",6,108416,175610,288147,0.376252398949147,0.609445873113376,"20_PRES",0.5
"Senate",7,122003,208451,334289,0.364962652076497,0.623565238461331,"20_PRES",0.5
"Senate",8,125145,169718,298564,0.419156361785078,0.568447636017738,"20_PRES",0.5
"Senate",9,117532,163526,284238,0.413498546992309,0.575313645606851,"20_PRES",0.5
"Senate",10,154944,141579,300878,0.514972846136972,0.470552848662913,"20_PRES",0.5
"Senate",11,104724,220972,328743,0.318558874257399,0.672172487322924,"20_PRES",0.5
"Senate",12,112464,135272,250836,0.448356695211214,0.539284632189957,"20_PRES",0.5
"Senate",13,126289,164931,294136,0.429355808197568,0.56073041042239,"20_PRES",0.5
"Senate",14,144735,133701,282433,0.512457821855095,0.473390149168121,"20_PRES",0.5
"Senate",15,142841,71699,217176,0.657720005893837,0.330142373006225,"20_PRES",0.5
"Senate",16,160942,72618,237235,0.678407486247813,0.306101544881657,"20_PRES",0.5
"Senate",17,147772,97856,249448,0.592396010390943,0.392290176710176,"20_PRES",0.5
"Senate",18,145170,160125,309456,0.469113541181945,0.517440282301846,"20_PRES",0.5
"Senate",19,134514,183038,322241,0.417432915116326,0.568015863903104,"20_PRES",0.5
"Senate",20,125392,160336,289236,0.433528329806801,0.55434316613423,"20_PRES",0.5
"Senate",21,130255,174650,308940,0.421619084611899,0.565320126885479,"20_PRES",0.5
"Senate",22,145204,180498,328961,0.441401868306577,0.548691182237408,"20_PRES",0.5
"Senate",23,120696,152210,276649,0.436278461154748,0.550191759232818,"20_PRES",0.5
"Senate",24,138519,84140,224815,0.616146609434424,0.374263283143918,"20_PRES",0.5
"Senate",25,136495,93911,233145,0.585451114113534,0.402800832100195,"20_PRES",0.5
"Senate",26,181456,128617,312301,0.581029199394174,0.411836657583549,"20_PRES",0.5
"Senate",27,98495,175138,276524,0.356189697820081,0.633355513445488,"20_PRES",0.5
"Senate",28,106112,167697,276041,0.384406664227415,0.607507580395666,"20_PRES",0.5
"Senate",29,115443,167291,285284,0.404659917836261,0.586401620840987,"20_PRES",0.5
"Senate",30,160468,103575,266100,0.603036452461481,0.389233370913191,"20_PRES",0.5
"Senate",31,142515,177367,322620,0.441742607401897,0.549770627983386,"20_PRES",0.5
"Senate",32,193397,62575,257957,0.749725729482045,0.242579189554848,"20_PRES",0.5
"Senate",33,117056,174262,293506,0.398819785626188,0.593725511573869,"20_PRES",0.5
"Senate",34,175620,47993,225342,0.779348723273957,0.212978494909959,"20_PRES",0.5
"Senate",35,172914,106557,281682,0.613862440624534,0.378288282531365,"20_PRES",0.5
"Senate",36,105847,105869,213328,0.496170216755419,0.496273344333608,"20_PRES",0.5
"Senate",37,149255,114422,265632,0.561886369112155,0.430753824840381,"20_PRES",0.5
"Senate",38,141095,121914,265063,0.532307413709194,0.459943485133723,"20_PRES",0.5
"Senate",39,83778,124551,209574,0.399753786252111,0.594305591342438,"20_PRES",0.5
"Senate",40,113302,138765,254000,0.446070866141732,0.546318897637795,"20_PRES",0.5
"House",0,0,0,0,NA,NA,"22_GOV",0.3
"House",1,19551,42570,62660,0.312017235876157,0.679380785189914,"22_GOV",0.3
"House",2,24752,45266,70633,0.350431101609729,0.640861920065692,"22_GOV",0.3
"House",3,12278,56265,69035,0.177851814297096,0.815021365973781,"22_GOV",0.3
"House",4,17160,52313,70115,0.244740782999358,0.746102831063253,"22_GOV",0.3
"House",5,12422,59239,71993,0.172544552942647,0.822843887600183,"22_GOV",0.3
"House",6,14091,52590,67093,0.210021909886277,0.783837360082274,"22_GOV",0.3
"House",7,14279,56554,71234,0.200452031333352,0.793918634359997,"22_GOV",0.3
"House",8,37648,16399,54627,0.689183004741245,0.300199535028466,"22_GOV",0.3
"House",9,44501,45306,90350,0.492540121748755,0.501449916989485,"22_GOV",0.3
"House",10,15264,51281,66921,0.228089837270812,0.766291597555326,"22_GOV",0.3
"House",11,18306,51621,70461,0.259803295440031,0.732618044024354,"22_GOV",0.3
"House",12,23682,37308,61527,0.38490418840509,0.606367936028085,"22_GOV",0.3
"House",13,30368,21669,52646,0.576833947498385,0.411598222087148,"22_GOV",0.3
"House",14,27614,19050,47217,0.584831734332973,0.403456382235212,"22_GOV",0.3
"House",15,24755,56472,81764,0.302761606575021,0.690670710826281,"22_GOV",0.3
"House",16,24324,45701,70482,0.345109389631395,0.648406685394853,"22_GOV",0.3
"House",17,24067,38920,63447,0.379324475546519,0.613425378662506,"22_GOV",0.3
"House",18,26811,70314,97577,0.274767619418511,0.720600141426771,"22_GOV",0.3
"House",19,30835,58489,89825,0.343278597272474,0.65114389089897,"22_GOV",0.3
"House",20,16984,56517,73946,0.229681118654153,0.764300976388175,"22_GOV",0.3
"House",21,27044,19347,46856,0.577172613966194,0.412903363496671,"22_GOV",0.3
"House",22,32587,42100,75191,0.433389634397734,0.55990743573034,"22_GOV",0.3
"House",23,21825,64384,86709,0.251703975365879,0.742529610536392,"22_GOV",0.3
"House",24,23823,51510,75757,0.314465989941524,0.679937167522473,"22_GOV",0.3
"House",25,27263,47256,74972,0.363642426505896,0.630315317718615,"22_GOV",0.3
"House",26,22776,49740,72983,0.312072674458436,0.681528575147637,"22_GOV",0.3
"House",27,21389,56018,77863,0.274700435380091,0.719443124462196,"22_GOV",0.3
"House",28,27091,44038,71666,0.378017469929953,0.614489437111043,"22_GOV",0.3
"House",29,24000,38525,63009,0.380897966957101,0.611420590709264,"22_GOV",0.3
"House",30,26871,56966,84311,0.318712860718056,0.675665097081045,"22_GOV",0.3
"House",31,27185,53633,81351,0.334169217342135,0.65927892711829,"22_GOV",0.3
"House",32,31065,55641,87245,0.356066250214912,0.637755745314918,"22_GOV",0.3
"House",33,27879,41075,69477,0.401269484865495,0.591202844106683,"22_GOV",0.3
"House",34,27929,59689,88033,0.317256028989129,0.678029829722945,"22_GOV",0.3
"House",35,26570,33802,60809,0.43694190004769,0.555871663733987,"22_GOV",0.3
"House",36,27660,35076,63195,0.437692855447425,0.555043911701875,"22_GOV",0.3
"House",37,25542,28369,54400,0.469522058823529,0.521488970588235,"22_GOV",0.3
"House",38,30892,35386,66820,0.462316671655193,0.529571984435798,"22_GOV",0.3
"House",39,27692,36896,65050,0.425703305149885,0.567194465795542,"22_GOV",0.3
"House",40,27887,15847,44186,0.631127506450007,0.358643009097904,"22_GOV",0.3
"House",41,19362,7767,27470,0.70484164543138,0.282744812522752,"22_GOV",0.3
"House",42,40285,34113,74904,0.537821745167147,0.455422941364947,"22_GOV",0.3
"House",43,21321,18825,40586,0.525328931158528,0.463829892081013,"22_GOV",0.3
"House",44,24067,20822,45203,0.532420414574254,0.460633143817888,"22_GOV",0.3
"House",45,30990,36495,67870,0.456608221600118,0.537719168999558,"22_GOV",0.3
"House",46,19336,15176,34988,0.552646621698868,0.433748713844747,"22_GOV",0.3
"House",47,21668,25599,47774,0.453552141332105,0.535835391635618,"22_GOV",0.3
"House",48,22666,38172,61235,0.370147791295828,0.623368988323671,"22_GOV",0.3
"House",49,16482,39103,55944,0.294616044616045,0.698966823966824,"22_GOV",0.3
"House",50,19688,36671,56778,0.346754024446088,0.645866356687449,"22_GOV",0.3
"House",51,21338,34310,56064,0.380600742009132,0.611979166666667,"22_GOV",0.3
"House",52,29038,81086,110505,0.262775440025338,0.733776752183159,"22_GOV",0.3
"House",53,22142,51384,73947,0.299430673320081,0.694876059880725,"22_GOV",0.3
"House",54,24983,43409,68902,0.362587443035035,0.63001073989144,"22_GOV",0.3
"House",55,26671,55043,82190,0.324504197590948,0.669704343594111,"22_GOV",0.3
"House",56,19926,38904,59315,0.33593526089522,0.655888055297985,"22_GOV",0.3
"House",57,34791,55515,90767,0.383300098053257,0.611620963566054,"22_GOV",0.3
"House",58,31138,44658,76266,0.408281540922561,0.58555581779561,"22_GOV",0.3
"House",59,28828,43744,73089,0.394423237422868,0.598503194735186,"22_GOV",0.3
"House",60,37545,34537,72584,0.517262757632536,0.475821117601675,"22_GOV",0.3
"House",61,36474,46861,83835,0.435068885310431,0.558967018548339,"22_GOV",0.3
"House",62,33278,16069,49823,0.66792445256207,0.322521726913273,"22_GOV",0.3
"House",63,27361,11299,39256,0.696988995312818,0.287828612186672,"22_GOV",0.3
"House",64,21203,21801,43519,0.487212481904456,0.500953606470737,"22_GOV",0.3
"House",65,32983,41016,74451,0.443016212005211,0.550912680823629,"22_GOV",0.3
"House",66,31160,45498,77194,0.403658315413115,0.589398139751794,"22_GOV",0.3
"House",67,24892,22709,48156,0.516903397292134,0.471571559099593,"22_GOV",0.3
"House",68,18868,41192,60472,0.31201217092208,0.681174758565948,"22_GOV",0.3
"House",69,25871,36479,62854,0.411604671142648,0.580376746110033,"22_GOV",0.3
"House",70,29885,48174,78547,0.380472837918698,0.613314321361732,"22_GOV",0.3
"House",71,23428,38212,62017,0.377767386361804,0.616153635293548,"22_GOV",0.3
"House",72,29008,56565,85908,0.337663547050333,0.658436932532477,"22_GOV",0.3
"House",73,41304,52654,94359,0.437732489746606,0.558017783147342,"22_GOV",0.3
"House",74,30015,55221,85618,0.350568805624985,0.644969515756033,"22_GOV",0.3
"House",75,29460,63601,93417,0.315360159285783,0.680828971172271,"22_GOV",0.3
"House",76,20689,55335,76341,0.271007715382298,0.724839863245176,"22_GOV",0.3
"House",77,15250,33033,48540,0.314173877214668,0.68053152039555,"22_GOV",0.3
"House",78,23635,40986,64930,0.364007392576621,0.631233636223625,"22_GOV",0.3
"House",79,18618,48488,67376,0.276329850391831,0.719662787936357,"22_GOV",0.3
"House",80,26940,64992,92183,0.292244773982188,0.705032381241661,"22_GOV",0.3
"House",81,26108,64577,90930,0.287121961948752,0.710183657758716,"22_GOV",0.3
"House",82,14231,39415,53879,0.264128881382357,0.731546613708495,"22_GOV",0.3
"House",83,13741,45905,60066,0.228765025139014,0.764242666400293,"22_GOV",0.3
"House",84,26237,41062,67639,0.387897514747409,0.607075799464806,"22_GOV",0.3
"House",85,29051,46249,75671,0.383911934558814,0.611185262518006,"22_GOV",0.3
"House",86,26823,56519,83682,0.320534882053488,0.675402117540212,"22_GOV",0.3
"House",87,31829,44545,76744,0.414742520587929,0.580436255603044,"22_GOV",0.3
"House",88,25522,11393,37246,0.685227943940289,0.305885195725715,"22_GOV",0.3
"House",89,16508,16900,33715,0.489633694201394,0.501260566513421,"22_GOV",0.3
"House",90,33455,30351,64158,0.521447052588921,0.473066492097634,"22_GOV",0.3
"House",91,34628,41633,76533,0.452458416630734,0.543987560921433,"22_GOV",0.3
"House",92,48909,40043,89266,0.547901776712298,0.448580646606771,"22_GOV",0.3
"House",93,32656,35180,68160,0.479107981220657,0.516138497652582,"22_GOV",0.3
"House",94,29794,40528,70634,0.421808194353994,0.573774669422658,"22_GOV",0.3
"House",95,32426,27176,59995,0.540478373197766,0.45297108092341,"22_GOV",0.3
"House",96,32741,23065,56213,0.582445341824845,0.410314340099265,"22_GOV",0.3
"House",97,33843,10452,44668,0.757656487866034,0.233993015133877,"22_GOV",0.3
"House",98,30089,16758,47222,0.637181822032104,0.35487696412689,"22_GOV",0.3
"House",99,37540,13959,51910,0.723174725486419,0.268907724908495,"22_GOV",0.3
"House",100,33293,42167,75823,0.439088403254949,0.556124131200295,"22_GOV",0.3
"House",101,23700,23653,47686,0.497001216289896,0.496015602063499,"22_GOV",0.3
"House",102,35669,33400,69462,0.513503786242838,0.480838444041346,"22_GOV",0.3
"House",103,33326,31714,65412,0.509478383171284,0.484834586925946,"22_GOV",0.3
"House",104,30958,16100,47440,0.652571669477234,0.3393760539629,"22_GOV",0.3
"House",105,28627,15220,44257,0.646835528842895,0.343900399936733,"22_GOV",0.3
"House",106,25744,27975,54067,0.476149962084081,0.517413579447722,"22_GOV",0.3
"House",107,31394,11736,43594,0.720144974079002,0.26921135936138,"22_GOV",0.3
"House",108,31802,9654,41889,0.759196925207095,0.230466232185061,"22_GOV",0.3
"House",109,22237,9026,31725,0.700929866036249,0.284507486209614,"22_GOV",0.3
"House",110,13740,33853,47880,0.286967418546366,0.70703842940685,"22_GOV",0.3
"House",111,12935,29867,43103,0.300095120989258,0.692921606384706,"22_GOV",0.3
"House",112,9511,28504,38245,0.248686102758531,0.745300039220813,"22_GOV",0.3
"House",113,19985,22325,42604,0.469087409632898,0.524011829875129,"22_GOV",0.3
"House",114,26020,34200,60568,0.429599788667283,0.564654603090741,"22_GOV",0.3
"House",115,28961,41241,70588,0.41028220094067,0.584249447498158,"22_GOV",0.3
"House",116,17042,38959,56395,0.302189910453054,0.690823654579307,"22_GOV",0.3
"House",117,19447,15388,35197,0.552518680569367,0.437196351961815,"22_GOV",0.3
"House",118,18306,40222,58885,0.310877133395602,0.683060202088817,"22_GOV",0.3
"House",119,19438,36320,56134,0.346278547760715,0.647023194498878,"22_GOV",0.3
"House",120,20798,32315,53500,0.388747663551402,0.604018691588785,"22_GOV",0.3
"Senate",0,0,0,0,NA,NA,"22_GOV",0.3
"Senate",1,56885,143825,202385,0.28107320206537,0.710650492872495,"22_GOV",0.3
"Senate",2,43369,164418,209144,0.207364304020197,0.78614734345714,"22_GOV",0.3
"Senate",3,96428,118259,216211,0.445990259515011,0.546961070435824,"22_GOV",0.3
"Senate",4,72894,149033,223360,0.326352077363897,0.667232270773639,"22_GOV",0.3
"Senate",5,81916,70087,153723,0.532880570897003,0.455930472343111,"22_GOV",0.3
"Senate",6,65472,140170,207046,0.316219584053785,0.67699931416207,"22_GOV",0.3
"Senate",7,80941,185380,267770,0.302278074466893,0.692310565037159,"22_GOV",0.3
"Senate",8,76373,139154,217027,0.351905523275906,0.641182894294258,"22_GOV",0.3
"Senate",9,71694,137056,210091,0.341252124079566,0.652364927579001,"22_GOV",0.3
"Senate",10,94838,116255,212619,0.446046684444946,0.546776158292533,"22_GOV",0.3
"Senate",11,73623,196316,271270,0.271401187009253,0.723692262321672,"22_GOV",0.3
"Senate",12,61649,102760,165609,0.372256338725552,0.620497678266278,"22_GOV",0.3
"Senate",13,79568,139108,219982,0.361702321098999,0.632360829522415,"22_GOV",0.3
"Senate",14,85456,108075,195049,0.438125804285077,0.554091535973012,"22_GOV",0.3
"Senate",15,74471,54326,130070,0.572545552394864,0.417667409856231,"22_GOV",0.3
"Senate",16,92346,56001,149959,0.615808320941057,0.373442074166939,"22_GOV",0.3
"Senate",17,80829,72866,155031,0.521373144725894,0.470009223961659,"22_GOV",0.3
"Senate",18,99378,130856,231776,0.42876743062267,0.564579594090846,"22_GOV",0.3
"Senate",19,86026,151256,238837,0.360187073192177,0.63330221029405,"22_GOV",0.3
"Senate",20,80952,140089,222338,0.364094306866123,0.630072232366937,"22_GOV",0.3
"Senate",21,86618,146954,234983,0.368613899728917,0.625381410570126,"22_GOV",0.3
"Senate",22,101860,161554,264525,0.385067573953313,0.610732444948493,"22_GOV",0.3
"Senate",23,72954,123947,198420,0.367674629573632,0.624669892147969,"22_GOV",0.3
"Senate",24,73813,65536,140359,0.525887189278921,0.466916977179946,"22_GOV",0.3
"Senate",25,66143,68194,135709,0.487388456181978,0.50250167638108,"22_GOV",0.3
"Senate",26,117593,109062,227606,0.516651582119979,0.479170144899519,"22_GOV",0.3
"Senate",27,57204,143812,201986,0.283207747071579,0.711989939896825,"22_GOV",0.3
"Senate",28,60767,151275,212727,0.285657203834022,0.711122706567572,"22_GOV",0.3
"Senate",29,68852,141649,211718,0.325206170472043,0.669045617283368,"22_GOV",0.3
"Senate",30,90272,80547,171879,0.525206686098942,0.468626184699702,"22_GOV",0.3
"Senate",31,89697,153472,244199,0.367311086449985,0.628471042059959,"22_GOV",0.3
"Senate",32,107647,46537,155383,0.692784924991794,0.299498658154367,"22_GOV",0.3
"Senate",33,63139,139915,203911,0.309639989995635,0.686157196031602,"22_GOV",0.3
"Senate",34,91350,33084,125814,0.726071820306166,0.262959607038962,"22_GOV",0.3
"Senate",35,93509,79756,174336,0.536372292584435,0.4574843979442,"22_GOV",0.3
"Senate",36,52697,76602,130296,0.404440658193651,0.587907533615767,"22_GOV",0.3
"Senate",37,85790,87229,174123,0.492697690712887,0.50096196366936,"22_GOV",0.3
"Senate",38,78601,95770,175509,0.447845979408463,0.545670022619923,"22_GOV",0.3
"Senate",39,36647,88997,126471,0.289766033319892,0.703694918202592,"22_GOV",0.3
"Senate",40,56052,105027,162147,0.345686321671076,0.647727062480342,"22_GOV",0.3
