"chamber","district_number","n_white","n_hispanic","n_black","n_asian","n_native","n_pacific","n_total_demo","pct_white","pct_hispanic","pct_black","pct_asian","pct_napi","source_demo","year_demo","avg_pct_D","avg_pct_R","avg_party_lean","avg_party_lean_points_abs","avg_party_lean_points_R","incumb_people_id","rank_partisan_dist_R","rank_partisan_dist_D"
"House",1,93182,5978,28447,4157,2070,64,134457,0.693024535725176,0.0444603107313119,0.21156949805514,0.030916947425571,0.0158712450820708,"CVAP",2022,0.346732730034844,0.640459130583426,"R",29,29,22167,29,89
"House",2,102889,6984,25864,4420,2075,230,143001,0.719498465045699,0.0488388193089559,0.180865868070853,0.0309088747631135,0.016118768400221,"CVAP",2022,0.385375806590254,0.600011019690109,"R",21,21,19919,45,76
"House",3,111949,7030,9983,3604,2443,49,135365,0.827015846045876,0.0519336608429062,0.0737487533705168,0.0266243120452111,0.0184094854652237,"CVAP",2022,0.205604177989987,0.780475686160974,"R",57,57,23295,2,119
"House",4,103140,10456,15016,5661,1493,183,137087,0.752368933596913,0.0762727319147695,0.10953627988066,0.0412949440866019,0.012225812805007,"CVAP",2022,0.277320316338131,0.706114687889747,"R",43,43,22559,9,112
"House",5,114435,5382,18526,1331,2529,130,143060,0.799909129036768,0.0376205787781351,0.129498112679994,0.00930378862015937,0.0185866070180344,"CVAP",2022,0.200835816136508,0.791805379220098,"R",59,59,23343,1,120
"House",6,110890,6497,14445,3668,1994,155,137830,0.804541826888196,0.0471377784226946,0.104803018210839,0.0266124936515998,0.0155916708989335,"CVAP",2022,0.242405953494843,0.746466865380092,"R",50,50,23352,4,117
"House",7,110360,6902,22732,686,1842,70,142833,0.772650577947673,0.0483221664461294,0.159150896501509,0.0048028116751731,0.013386262278325,"CVAP",2022,0.224836795422838,0.767809461904145,"R",54,54,21391,3,118
"House",8,56291,8665,71405,2265,1443,62,140405,0.400918770699049,0.061714326412877,0.508564509810904,0.0161319041344681,0.0107189914889071,"CVAP",2022,0.714687999119102,0.272900037891596,"D",44,-44,23361,112,9
"House",9,103723,8039,26577,4010,934,70,143562,0.722496203730792,0.0559967122218972,0.185125590337276,0.0279321826109973,0.00699349410011006,"CVAP",2022,0.517518403762624,0.472751595194391,"D",4,-4,21700,87,34
"House",10,103229,6992,23530,1406,2485,20,137744,0.749426472296434,0.0507608316877686,0.170824137530491,0.0102073411546056,0.0181859100940876,"CVAP",2022,0.255588833301601,0.735848919291786,"R",48,48,19912,6,115
"House",11,95857,13241,18138,5071,910,45,133719,0.716853999805562,0.0990210815216985,0.135642653624391,0.0379228082770586,0.00714184222137467,"CVAP",2022,0.292350606735996,0.696046381491937,"R",40,40,21892,11,110
"House",12,85642,13534,28734,5882,928,90,135171,0.633582647165442,0.100125026817883,0.212575182546552,0.0435152510523707,0.00753120121919643,"CVAP",2022,0.422685441399533,0.564550340625299,"R",14,14,20836,60,61
"House",13,58635,7173,66298,3299,835,120,136400,0.429875366568915,0.0525879765395894,0.486055718475073,0.0241862170087977,0.00700146627565982,"CVAP",2022,0.606673795011495,0.380111091714209,"D",23,-23,22550,103,17
"House",14,51589,9630,62374,2923,887,39,127778,0.403739297844699,0.075365086321589,0.488143498880871,0.0228756123902393,0.0072469439183584,"CVAP",2022,0.619166869943407,0.367269947777073,"D",25,-25,19040,106,15
"House",15,99896,7833,25625,2929,1334,63,138048,0.723632359758924,0.0567411335187761,0.185623840982847,0.0212172577654149,0.0101196685210941,"CVAP",2022,0.326836130711872,0.662905197217247,"R",34,34,23346,18,100
"House",16,94824,11910,14449,8999,915,65,131856,0.71914816163087,0.0903258099745177,0.109581664846499,0.068248695546657,0.00743235044290741,"CVAP",2022,0.380513294021847,0.608356485439726,"R",23,23,23355,41,79
"House",17,86150,13595,21998,9373,1065,194,133222,0.64666496524598,0.102047709837714,0.165122877602798,0.0703562474666346,0.00945039107654892,"CVAP",2022,0.41798531303511,0.569907808648821,"R",15,15,23360,55,62
"House",18,108349,9552,6473,5450,794,4,130756,0.828635014836795,0.0730520970357001,0.0495044204472452,0.0416806876931078,0.00610297041818349,"CVAP",2022,0.307787741516965,0.683462582019039,"R",38,38,17687,13,106
"House",19,117893,12049,13077,3005,1017,80,147250,0.800631578947368,0.0818268251273345,0.0888081494057725,0.0204074702886248,0.00744991511035654,"CVAP",2022,0.376518572936154,0.615551398303205,"R",24,24,17686,40,81
"House",20,113182,8320,13684,887,1550,95,137788,0.821421313902517,0.0603826167735942,0.0993119865300316,0.00643742561035794,0.011938630359683,"CVAP",2022,0.25310792914941,0.73822032588801,"R",49,49,18934,5,116
"House",21,72443,14363,39960,3255,1598,115,132177,0.548075686390219,0.108664896313277,0.302321886561202,0.0246260695885063,0.0129598946866701,"CVAP",2022,0.610753042117122,0.376569531188615,"D",23,-23,21887,104,18
"House",22,114104,12881,13278,7150,1109,28,148694,0.767374608255881,0.086627570715698,0.0892974834223304,0.0480853296030775,0.00764657619002784,"CVAP",2022,0.46045495169545,0.529021095480243,"R",7,7,19037,71,49
"House",23,130818,8983,4072,2013,1480,65,148170,0.882891273537153,0.0606263076196261,0.0274819464129041,0.0135857461024499,0.010427211986232,"CVAP",2022,0.271801374918337,0.720264440137264,"R",45,45,18056,8,113
"House",24,101937,19012,15148,2863,725,0,140099,0.727606906544658,0.135704037858943,0.108123541210144,0.0204355491473886,0.00517491202649555,"CVAP",2022,0.346673136460059,0.645471622935069,"R",30,30,24962,25,93
"House",25,86845,25028,14707,4216,873,30,132014,0.657846895026285,0.189585953004984,0.111404851000651,0.0319360067871589,0.00684018361688912,"CVAP",2022,0.399859251290986,0.59232983103148,"R",19,19,23358,47,73
"House",26,110624,13007,14750,1969,1242,385,141951,0.779311170756106,0.091630210424724,0.103909095392072,0.0138709836492874,0.011461701573078,"CVAP",2022,0.34335955791266,0.649041226122709,"R",31,31,22415,23,97
"House",27,116981,19269,7982,2659,911,10,147753,0.791733501181025,0.130413595663032,0.0540225917578662,0.0179962504991438,0.00623337597206148,"CVAP",2022,0.305093259634381,0.686838379165634,"R",38,38,19069,14,107
"House",28,107063,9945,25831,3027,1062,30,147090,0.727874090692773,0.0676116663267387,0.175613569923176,0.0205792372017132,0.00742402610646543,"CVAP",2022,0.417193443425636,0.572932899559935,"R",16,16,19047,53,67
"House",29,84438,33280,13807,1691,685,64,134079,0.62976305014208,0.248211875088567,0.102976603345789,0.0126119675713572,0.00558625884739594,"CVAP",2022,0.4192857827995,0.570545484106768,"R",15,15,22660,56,63
"House",30,130034,7364,8264,2061,1325,39,149413,0.870299103826307,0.0492862066888423,0.0553097789348986,0.0137939804434688,0.00912905838180078,"CVAP",2022,0.343370408396128,0.648155835914118,"R",30,30,23332,26,94
"House",31,118747,10703,12199,3142,1118,138,146244,0.811978611088318,0.0731859084817155,0.0834153879817292,0.0214846421049752,0.00858838653209704,"CVAP",2022,0.358621469769904,0.630779174856832,"R",27,27,19698,35,85
"House",32,115149,12589,9163,4086,859,141,142766,0.806557583738425,0.088179258366838,0.0641819480828769,0.028620259725705,0.00700446885112702,"CVAP",2022,0.383894024323542,0.60566997727306,"R",22,22,1735,43,77
"House",33,94434,20757,19942,4554,1355,35,141627,0.666779639475524,0.146561037090385,0.140806484639228,0.032154885720943,0.0098145127694578,"CVAP",2022,0.432421401116577,0.556226079040818,"R",12,12,19017,63,56
"House",34,120933,13274,10541,2204,945,26,147960,0.817335766423358,0.089713436063801,0.0712422276290889,0.0148959178156258,0.00656258448229251,"CVAP",2022,0.350067685633382,0.642430011758071,"R",29,29,23347,30,90
"House",35,65574,37127,12372,6795,648,60,123158,0.532438006463242,0.301458289351889,0.100456324396304,0.0551730297666412,0.005748713035288,"CVAP",2022,0.477438622941974,0.512042519037566,"R",3,3,25070,77,43
"House",36,76841,23693,20927,5186,833,8,128063,0.600024987701366,0.18501050264323,0.163411758275224,0.0404956935258428,0.00656708026518198,"CVAP",2022,0.476231832216635,0.513389592088656,"R",4,4,24808,76,45
"House",37,80191,32981,14106,6874,730,65,135177,0.59322961746451,0.24398381381448,0.104352071728179,0.0508518460980788,0.00588117801105218,"CVAP",2022,0.507921551263386,0.478937287256553,"D",3,-3,24809,83,35
"House",38,82536,30792,14562,4450,758,119,133513,0.618186993026896,0.230629227116461,0.109068030828459,0.0333300877068151,0.00656864874581501,"CVAP",2022,0.496685903927367,0.491648479910711,"D",1,-1,20953,81,40
"House",39,73768,24653,22062,4389,749,30,126079,0.585093473139857,0.195536132107647,0.174985524948643,0.0348115070709634,0.00617866575718399,"CVAP",2022,0.462968499130958,0.527252193169942,"R",6,6,23338,73,47
"House",40,38619,21200,62888,4603,566,220,128314,0.300972614056144,0.165219695434637,0.490110198419502,0.0358729367021525,0.00612559814205776,"CVAP",2022,0.668520264501591,0.320582985010443,"D",35,-35,23323,107,13
"House",41,24426,25896,45181,4889,981,10,101695,0.240188799842667,0.254643787796843,0.444279463100447,0.0480751266040612,0.00974482521264566,"CVAP",2022,0.739683296224077,0.247994411362134,"D",49,-49,15947,116,5
"House",42,97458,25943,12813,5880,995,10,143534,0.678988950353226,0.180744631933897,0.0892680479886299,0.0409659035489849,0.00700182535148467,"CVAP",2022,0.560749163964199,0.428355063359819,"D",13,-13,19701,95,25
"House",43,35608,68623,13194,5073,437,295,123596,0.288099938509337,0.55522023366452,0.106751027541344,0.0410450176381113,0.0059225217644584,"CVAP",2022,0.568921750158994,0.418434068909343,"D",15,-15,23318,97,22
"House",44,40319,44938,11087,8462,420,260,105693,0.38147275600087,0.42517479870947,0.104898148410964,0.080062066551238,0.00643372787223373,"CVAP",2022,0.57202444853125,0.418523977772679,"D",15,-15,23322,98,23
"House",45,69267,20472,8447,8868,628,35,108274,0.639738071928626,0.189075863088091,0.0780150359273695,0.0819033193564475,0.00612335371372629,"CVAP",2022,0.488831582385794,0.502081510349529,"R",1,1,23345,80,41
"House",46,26536,64060,15266,3017,483,4,110168,0.240868491758042,0.581475564592259,0.13857018371941,0.0273854476799071,0.0044205213855203,"CVAP",2022,0.599887869287207,0.387728335354317,"D",21,-21,21780,101,19
"House",47,37270,70359,10746,3489,581,210,122856,0.303363287100345,0.572694862277789,0.087468255518656,0.0283991013869896,0.00643843198541382,"CVAP",2022,0.506567742414888,0.482399436602821,"D",2,-2,24810,82,39
"House",48,79507,30892,21361,1908,990,95,134975,0.589049824041489,0.228872013335803,0.158258936840156,0.0141359511020559,0.00803852565289868,"CVAP",2022,0.408327870091157,0.583283518236879,"R",17,17,18668,50,69
"House",49,86116,21633,15903,2747,862,231,127813,0.673765579401156,0.169255083598695,0.124423963133641,0.0214923364602975,0.00855155578853481,"CVAP",2022,0.326015292121194,0.663719232379077,"R",34,34,20690,19,101
"House",50,88571,20086,23051,2481,961,67,135319,0.654534839896836,0.148434440100799,0.170345627738898,0.0183344541416948,0.00759686370723993,"CVAP",2022,0.382006702843555,0.606606957585284,"R",22,22,23348,44,78
"House",51,80771,38453,16155,2680,693,0,138723,0.582246635381299,0.277192678935721,0.116455093964231,0.0193190747028251,0.0049955667048723,"CVAP",2022,0.421741675786965,0.568851026637151,"R",15,15,19703,57,64
"House",52,139865,9224,10801,1495,1067,73,162590,0.860231256534842,0.0567316563134264,0.0664308998093364,0.00919490743588167,0.00701150132234455,"CVAP",2022,0.287981262445053,0.706759488447982,"R",42,42,23357,10,111
"House",53,110183,18528,5995,2119,989,78,138175,0.797416319884205,0.134090826850009,0.043387009227429,0.0153356251130812,0.00772209155056993,"CVAP",2022,0.323374975214257,0.668477186566869,"R",35,35,23353,16,104
"House",54,95965,25495,13129,4721,975,123,140726,0.681928001932834,0.181167659139036,0.0932947713997413,0.0335474610235493,0.00780239614570158,"CVAP",2022,0.395215759821652,0.594890865718946,"R",20,20,21380,46,75
"House",55,102860,19455,7082,4433,926,42,135024,0.761790496504325,0.144085495911838,0.0524499348264012,0.0328312003791918,0.00716909586443891,"CVAP",2022,0.353674013778478,0.636799045722885,"R",28,28,23331,33,87
"House",56,107857,15945,5997,1704,812,94,132630,0.813217220839931,0.120221669305587,0.0452160144763628,0.0128477719972857,0.00683103370278218,"CVAP",2022,0.363068074269147,0.625765798263335,"R",26,26,23333,37,84
"House",57,123338,10473,6106,3529,607,35,144207,0.855284417538677,0.072624768561859,0.0423419112803123,0.0244717662804163,0.00445193367867024,"CVAP",2022,0.408191031782565,0.583194296232064,"R",18,18,23359,49,72
"House",58,106515,13297,12214,3443,926,69,136284,0.781566434797922,0.0975683132282586,0.0896216723900091,0.0252634205042411,0.00730093041002612,"CVAP",2022,0.437367080249434,0.55287513028651,"R",12,12,23339,64,57
"House",59,117192,12158,10062,4401,1353,110,145415,0.805914107898085,0.0836089811917615,0.0691950624075921,0.0302651033249665,0.0100608602963931,"CVAP",2022,0.41786743023726,0.572163552009343,"R",15,15,23354,58,65
"House",60,110721,13186,11401,7856,934,104,144745,0.764938339839027,0.0910981381049432,0.0787661059103941,0.0542747590590349,0.00717123216691423,"CVAP",2022,0.532809323653167,0.455852170966146,"D",8,-8,23327,90,31
"House",61,119151,11051,6113,5540,990,36,143069,0.832821925085099,0.0772424494474694,0.0427276349174175,0.038722574422132,0.00717136486590386,"CVAP",2022,0.451403773626838,0.539257855190993,"R",9,9,21739,68,52
"House",62,48248,20670,48135,2288,878,0,120476,0.400478103522693,0.171569441216508,0.399540157375743,0.0189913343736512,0.00728775855772104,"CVAP",2022,0.691570067951131,0.296033332809524,"D",40,-40,21920,111,10
"House",63,36541,25967,53679,2036,827,149,119040,0.306964045698925,0.218136760752688,0.450932459677419,0.0171034946236559,0.0081989247311828,"CVAP",2022,0.728428851506585,0.256231673276071,"D",47,-47,20422,114,6
"House",64,41387,59378,12589,3480,537,105,117650,0.351780705482363,0.504700382490438,0.107003824904377,0.029579260518487,0.00545686357841054,"CVAP",2022,0.529146753631769,0.457995186851615,"D",7,-7,19960,88,32
"House",65,96822,22008,8509,5589,846,175,134248,0.72121744830463,0.163935403134497,0.0633826947142602,0.0416319051308027,0.00760532745366784,"CVAP",2022,0.478069323099925,0.511230308052481,"R",3,3,23350,78,44
"House",66,83273,32319,9171,6034,582,4,131928,0.631200351706992,0.244974531562671,0.0695151901036929,0.0457370687041417,0.0044418167485295,"CVAP",2022,0.435203963009904,0.554851788031123,"R",12,12,22722,65,58
"House",67,64438,26503,23605,9937,614,119,125781,0.512303130043488,0.210707499542856,0.187667453748976,0.0790023930482346,0.00582758922253758,"CVAP",2022,0.554690974397422,0.431710565064824,"D",12,-12,21029,94,27
"House",68,80798,26680,14193,3409,830,120,126465,0.638896137271182,0.210967461352944,0.112228679871901,0.0269560748033053,0.00751195983078322,"CVAP",2022,0.345757288020362,0.643718636619161,"R",30,30,19490,27,95
"House",69,73456,25641,19158,3310,896,25,122698,0.598673165006765,0.208976511434579,0.156139464375947,0.0269768048378947,0.00750623482045347,"CVAP",2022,0.446691024486307,0.541963446307653,"R",10,10,23344,66,54
"House",70,89574,19818,16820,3475,647,110,130950,0.684032073310424,0.151340206185567,0.128445971744941,0.026536846124475,0.00578083237877052,"CVAP",2022,0.414232639546987,0.576732748928113,"R",16,16,20417,54,68
"House",71,97815,16470,16224,1908,733,20,133268,0.733972146351712,0.123585556922892,0.121739652429691,0.0143170153375154,0.0056502686316295,"CVAP",2022,0.412405280826271,0.578769882292002,"R",17,17,19738,51,70
"House",72,112986,13196,6776,3367,807,115,137436,0.822099013358945,0.0960155999883582,0.0493029482813819,0.0244986757472569,0.00670857708315143,"CVAP",2022,0.369183631625133,0.623945414740717,"R",25,25,19925,38,82
"House",73,134669,9636,7779,2574,755,65,155649,0.865209541982281,0.0619085249503691,0.0499778347435576,0.0165372087196191,0.00526826385007292,"CVAP",2022,0.465818484473169,0.527265169402447,"R",6,6,22529,74,48
"House",74,123242,13481,6590,2216,634,69,146306,0.842357798039725,0.0921424958648312,0.0450425819857012,0.0151463371290309,0.00480499774445341,"CVAP",2022,0.379573352212425,0.612901092192362,"R",23,23,21024,42,80
"House",75,143424,8163,5015,2581,994,49,160310,0.894666583494479,0.0509200923211278,0.0312831389183457,0.0161000561412264,0.00650614434533092,"CVAP",2022,0.347238915794295,0.646104984255777,"R",30,30,18621,28,96
"House",76,122396,15071,8262,1487,904,58,148403,0.824754216558964,0.101554550784014,0.0556727289879585,0.010020013072512,0.00648234873958074,"CVAP",2022,0.307230803174499,0.686847642163944,"R",38,38,20018,15,108
"House",77,72778,35088,15890,2600,616,81,127400,0.571255886970173,0.27541601255887,0.124725274725275,0.0204081632653061,0.00547095761381476,"CVAP",2022,0.372268478705752,0.620582291651426,"R",25,25,23349,39,83
"House",78,97106,16654,16826,2459,703,8,133863,0.7254132956829,0.124410778183665,0.125695673935292,0.0183695270537789,0.00531140046166603,"CVAP",2022,0.413806218317418,0.579866724253462,"R",17,17,22207,52,71
"House",79,109307,27427,6730,2351,774,19,146916,0.744010182689428,0.186684908383022,0.0458084892047156,0.0160023414740396,0.00539764219009502,"CVAP",2022,0.32242487083466,0.671825463649424,"R",35,35,22022,17,105
"House",80,133772,10650,2097,2686,477,53,149903,0.892390412466728,0.0710459430431679,0.0139890462499083,0.0179182538041267,0.00353561970073981,"CVAP",2022,0.330632992987804,0.664775289005683,"R",33,33,22261,22,99
"House",81,119010,13917,5630,2201,537,25,141400,0.841654879773692,0.0984229137199434,0.0398161244695898,0.0155657708628006,0.00397454031117397,"CVAP",2022,0.328971636192899,0.66582358340114,"R",34,34,18944,20,102
"House",82,59049,44800,11625,1236,945,0,117930,0.500712286949886,0.37988637327228,0.0985754261002289,0.0104807936911727,0.00801322818621216,"CVAP",2022,0.325303911337838,0.667916758388352,"R",34,34,22672,21,103
"House",83,94534,25762,12442,1515,1769,18,136365,0.693242400909324,0.188919444138892,0.091240420929124,0.011109888901111,0.0131045356213105,"CVAP",2022,0.267015183564967,0.725375495188137,"R",46,46,22662,7,114
"House",84,89488,18798,29356,2173,1014,14,140895,0.635139642996558,0.133418503140637,0.208353738599666,0.0154228326058412,0.00729621349231697,"CVAP",2022,0.433129111384229,0.560498512074932,"R",13,13,22129,61,59
"House",85,90341,26045,18770,2970,729,90,139114,0.649402648187817,0.187220552927815,0.134925313052604,0.0213493968975085,0.00588725793234326,"CVAP",2022,0.42395937766947,0.569364987722273,"R",15,15,20418,59,66
"House",86,118740,13467,7104,2012,733,44,142162,0.835244298757755,0.0947299559657292,0.0499711596629198,0.0141528678549823,0.00546559558813185,"CVAP",2022,0.356079222964768,0.637440153382638,"R",28,28,21983,34,88
"House",87,108541,15574,9025,3022,550,4,136432,0.795568488331183,0.114152105077988,0.0661501700480826,0.0221502286853524,0.00406063093702357,"CVAP",2022,0.45384695073169,0.539107465442879,"R",9,9,20958,69,53
"House",88,32682,18640,57158,3149,505,14,112465,0.290597074645445,0.165740452585249,0.508229226870582,0.0279998221668964,0.00461476903925666,"CVAP",2022,0.718571574309326,0.272006925348238,"D",45,-45,23116,113,8
"House",89,37154,39212,16024,2808,340,140,96210,0.386176073173267,0.407566780999896,0.166552333437273,0.0291861552853134,0.00498908637355784,"CVAP",2022,0.540135015632875,0.450446311179202,"D",9,-9,18797,91,30
"House",90,80795,16748,32164,2946,595,75,133966,0.603100786766792,0.125016795306272,0.240090769299673,0.0219906543451323,0.00500126897869609,"CVAP",2022,0.562797679637026,0.430015977174756,"D",13,-13,20006,96,26
"House",91,106655,18710,7124,4178,512,25,137345,0.776548108777167,0.136226291455823,0.0518693800283956,0.030419745895373,0.00390986202628417,"CVAP",2022,0.485694023058932,0.509008516330825,"R",2,2,23351,79,42
"House",92,107982,18142,9406,3727,663,20,140432,0.768927310014811,0.129187079867836,0.0669790361171243,0.0265395351486841,0.00486356386008887,"CVAP",2022,0.57229602556533,0.423204482734015,"D",15,-15,1714,99,24
"House",93,73821,27521,18371,4754,414,80,125254,0.589370399348524,0.219721525859454,0.146669966627812,0.0379548756925926,0.00394398582081211,"CVAP",2022,0.514147634162329,0.479337878824552,"D",3,-3,23340,84,36
"House",94,78083,23007,24844,3892,802,96,130870,0.596645526094598,0.175800412623214,0.189837243065638,0.0297394360816077,0.00686177122335142,"CVAP",2022,0.459047079769073,0.534730715051222,"R",8,8,19068,70,51
"House",95,62294,26709,28743,5982,548,0,124634,0.499815459665902,0.214299468844778,0.230619253173291,0.0479965338511161,0.00439687404721023,"CVAP",2022,0.576799850343538,0.416053743850813,"D",16,-16,21888,100,21
"House",96,51405,34640,30027,6186,566,55,123190,0.417282246935628,0.281191655166815,0.24374543388262,0.0502151148632194,0.00504099358714181,"CVAP",2022,0.616310684777991,0.375996145297426,"D",24,-24,21381,105,16
"House",97,23239,23589,60783,4413,574,143,113129,0.20542036082702,0.208514174084452,0.537289289218503,0.0390085654429899,0.00633789744451025,"CVAP",2022,0.781586148533323,0.210642437188455,"D",57,-57,23328,119,2
"House",98,45869,23425,43329,1924,817,49,115663,0.396574531181104,0.202528034029897,0.374614180852995,0.0166345330831813,0.00748726904887475,"CVAP",2022,0.670167700876859,0.321846748048631,"D",35,-35,18985,108,14
"House",99,37994,18620,61429,1998,657,198,121034,0.313911793380372,0.153841069451559,0.507535072789464,0.0165077581506023,0.00706413074012261,"CVAP",2022,0.74963736510627,0.24280019262108,"D",51,-51,23066,118,3
"House",100,99273,21692,10633,2995,852,55,135734,0.731379020731725,0.159812574594427,0.0783370415665935,0.0220652157897063,0.00668218721911975,"CVAP",2022,0.469717900314979,0.52411458446906,"R",5,5,20907,75,46
"House",101,57124,40044,13905,4205,902,144,116508,0.490301095203763,0.343701720053559,0.119348027603255,0.0360919421842277,0.00897792426271157,"CVAP",2022,0.531811255452873,0.460550652413076,"D",7,-7,23317,89,33
"House",102,61978,42687,16063,6071,320,0,128149,0.483640137652264,0.33310443312082,0.125346276599895,0.0473745405738632,0.00249709322741496,"CVAP",2022,0.544658546320329,0.44846747724737,"D",10,-10,20540,92,28
"House",103,37385,52110,17993,8015,334,210,116840,0.319967476891476,0.445994522423827,0.153996918863403,0.0685980828483396,0.0046559397466621,"CVAP",2022,0.549095925895757,0.444152778850421,"D",10,-10,21701,93,29
"House",104,16330,45519,48716,3524,238,0,114772,0.142282089708291,0.396603701251176,0.42445892726449,0.0307043529780783,0.00207367650646499,"CVAP",2022,0.688032990728624,0.304605678035371,"D",38,-38,22512,110,11
"House",105,29710,42069,48510,2645,608,30,123751,0.240078868049551,0.339948768090763,0.391996832348829,0.0213735646580634,0.00515551389483721,"CVAP",2022,0.681772260340972,0.309287165869893,"D",37,-37,22173,109,12
"House",106,49141,54701,5203,2729,302,0,112153,0.438160370208554,0.487735504177329,0.0463919823812114,0.0243328310433069,0.00269275008247662,"CVAP",2022,0.511489945074262,0.481611262655265,"D",3,-3,23341,85,37
"House",107,14307,35331,63135,1894,523,60,115510,0.123859406112025,0.305869621677777,0.546576054021297,0.0163968487576833,0.00504718206215912,"CVAP",2022,0.744822689509636,0.24633123141181,"D",50,-50,22528,117,4
"House",108,16731,36241,57263,1509,303,106,112380,0.148878804057662,0.322486207510233,0.509547962270867,0.0134276561665777,0.00363943762235273,"CVAP",2022,0.784374016885148,0.206291283996859,"D",58,-58,20358,120,1
"House",109,5564,52772,49914,873,162,59,109392,0.0508629515869533,0.482411876554044,0.45628565160158,0.00798047389205792,0.00202025742284628,"CVAP",2022,0.728700008429127,0.260171332539184,"D",47,-47,23329,115,7
"House",110,5939,97366,6155,1227,124,0,110857,0.0535735226462921,0.878302678225101,0.0555219787654366,0.0110683132323624,0.00111855814247183,"CVAP",2022,0.341342378909298,0.652595102017995,"R",31,31,21781,24,98
"House",111,6066,86855,1512,1321,76,20,96035,0.0631644712865101,0.904409850575311,0.0157442599052429,0.0137554016764721,0.000999635549539231,"CVAP",2022,0.353736564203839,0.639755360612937,"R",29,29,21758,31,91
"House",112,5155,91512,1733,458,82,4,98989,0.0520764933477457,0.924466354847508,0.0175069957267979,0.00462677671256402,0.000868783400175777,"CVAP",2022,0.301948180141625,0.69241376124745,"R",39,39,21782,12,109
"House",113,21849,70440,3807,2372,321,15,99035,0.220618973090322,0.711263694653405,0.0384409552178523,0.0239511283889534,0.0033927399404251,"CVAP",2022,0.511664880126926,0.480633099708833,"D",3,-3,23319,86,38
"House",114,24455,81792,5784,2370,157,0,114630,0.21333856756521,0.71353048940068,0.0504579952891913,0.0206752159120649,0.00136962400767687,"CVAP",2022,0.46371725166791,0.52974648495578,"R",7,7,22527,72,50
"House",115,33449,75952,6548,2994,300,30,119795,0.27921866521975,0.634016444759798,0.0546600442422472,0.0249926958554197,0.00275470595600818,"CVAP",2022,0.44862389504802,0.544783743561384,"R",10,10,23330,67,55
"House",116,12578,97178,2506,1836,81,35,114548,0.109805496385795,0.848360512623529,0.0218772916157419,0.0160282152460104,0.00101267590878933,"CVAP",2022,0.34999357533678,0.642957027598086,"R",29,29,19426,32,92
"House",117,8587,62104,30708,1459,331,60,103203,0.0832049455926669,0.601765452554674,0.297549489840412,0.0141371859345174,0.00378864955476101,"CVAP",2022,0.600664425582956,0.390358937223359,"D",21,-21,22516,102,20
"House",118,14861,95354,6387,2015,226,20,119330,0.124536998240174,0.799078186541524,0.0535238414480851,0.0168859465348194,0.00206151009804743,"CVAP",2022,0.363291651333826,0.630537520683095,"R",27,27,24994,36,86
"House",119,13710,102167,5261,2864,179,55,124606,0.110026804487745,0.819920389066337,0.0422210808468292,0.0229844469768711,0.00187791920132257,"CVAP",2022,0.400684117798073,0.592680228085234,"R",19,19,23356,48,74
"House",120,55105,45875,14574,1376,786,44,117972,0.467102363272641,0.388863459125894,0.12353778862781,0.0116637846268606,0.00703556776184179,"CVAP",2022,0.429512447230798,0.561757002518387,"R",13,13,22580,62,60
"Senate",1,306195,20113,66214,12319,6455,428,413206,0.741022637619008,0.0486754790588714,0.160244526942978,0.0298132166522267,0.0166575509552136,"CVAP",2022,0.314174462827988,0.671961603558877,"R",36,36,12367,3,38
"Senate",2,330290,22214,46067,10522,6149,383,417594,0.790935693520501,0.0531952087434206,0.110315282307696,0.025196722175127,0.0156419871933026,"CVAP",2022,0.238926891291514,0.749348142197988,"R",51,51,16763,1,40
"Senate",3,270374,23606,120714,6961,4219,202,426800,0.633491096532334,0.0553092783505155,0.282835051546392,0.0163097469540769,0.0103584817244611,"CVAP",2022,0.477425087443031,0.512899338519197,"R",4,4,23325,25,15
"Senate",4,292377,33872,52880,20844,3356,322,405351,0.721293397573954,0.0835621473735109,0.130454840372911,0.0514221008459335,0.00907361767949259,"CVAP",2022,0.358093697713035,0.631146069403147,"R",27,27,19070,10,31
"Senate",5,184359,29803,166598,12561,2608,249,397124,0.46423535218219,0.0750470885667953,0.4195112861474,0.0316299191184617,0.00719422648845197,"CVAP",2022,0.567878506841284,0.418419016320449,"D",15,-15,19218,34,6
"Senate",6,304280,32769,60268,11520,4654,178,414234,0.734560658951221,0.0791074610003042,0.145492644254214,0.0278103680528397,0.0116649043777189,"CVAP",2022,0.346235991501466,0.643222593637723,"R",30,30,22852,7,33
"Senate",7,347864,30334,33970,10034,3109,169,425868,0.816835263508881,0.0712286436172711,0.0797665004179699,0.0235612912921375,0.00769722073506345,"CVAP",2022,0.333620363271695,0.657937901749245,"R",32,32,14984,5,35
"Senate",8,320446,56728,47785,7251,3021,118,435856,0.735210711794721,0.130153078080834,0.109634833522998,0.0166362284791307,0.00720191990015051,"CVAP",2022,0.385530942530492,0.604815265155998,"R",22,22,19954,13,28
"Senate",9,301080,47344,59347,10017,3436,85,422296,0.712959630211984,0.112110936404797,0.14053412772084,0.0237203288688503,0.0083377536135791,"CVAP",2022,0.377375335535937,0.613839286592926,"R",24,24,12389,12,29
"Senate",10,256750,77866,46101,16106,2299,147,400448,0.641156904267221,0.194447219114592,0.115123561610996,0.0402199536519099,0.00610815886207448,"CVAP",2022,0.480509765290959,0.508664503477723,"R",3,3,12366,27,14
"Senate",11,383867,36580,20761,5630,3467,200,451583,0.850047499573722,0.0810039350462706,0.04597382983859,0.0124672540817524,0.00812032339569913,"CVAP",2022,0.294980030633326,0.697932374822298,"R",40,40,17099,2,39
"Senate",12,238975,88743,60298,6929,2585,169,397938,0.60053324889807,0.223007101608793,0.151526117133825,0.0174122602013379,0.00692067608521931,"CVAP",2022,0.410306516968383,0.579891155228117,"R",17,17,16389,21,19
"Senate",13,279405,56082,36877,16052,2780,415,392269,0.712279073798847,0.142968218237995,0.0940094679926275,0.0409208986690256,0.00814492095985153,"CVAP",2022,0.395529064648284,0.596545619972403,"R",20,20,12362,15,24
"Senate",14,222517,114037,32352,16159,2067,284,388341,0.572993837889896,0.293651713313814,0.0833082265328667,0.0416103373066454,0.0060539577330233,"CVAP",2022,0.475291813070086,0.513740842570567,"R",4,4,23324,26,16
"Senate",15,127267,76935,134572,13687,2428,250,355971,0.357520696910703,0.216127156425664,0.378042031513803,0.0384497613569645,0.00752308474566748,"CVAP",2022,0.615132779144351,0.373904891431228,"D",24,-24,1720,37,4
"Senate",16,166624,73137,124122,9142,2380,288,376526,0.442529865135475,0.194241566319457,0.32965054206084,0.0242798638075458,0.00708583205409454,"CVAP",2022,0.647107903594435,0.339771809524298,"D",31,-31,1706,38,3
"Senate",17,190259,140825,40656,19292,1984,420,394684,0.482053997628483,0.356804430886481,0.103008989470057,0.0488796100171276,0.00609094870833376,"CVAP",2022,0.556884577558418,0.431149700335918,"D",13,-13,14052,32,9
"Senate",18,353200,37990,29100,17959,3323,254,442403,0.798367099680608,0.0858719312482058,0.065777130806075,0.0405942093521066,0.00808538820939279,"CVAP",2022,0.448940485902308,0.541009938196346,"R",9,9,21025,23,17
"Senate",19,329465,43641,39516,11499,3297,330,429285,0.767473822751785,0.101659736538663,0.0920507355253503,0.0267864006429295,0.00844893252734197,"CVAP",2022,0.388809994154252,0.600659037098577,"R",21,21,1678,14,27
"Senate",20,288574,54774,43189,9048,2442,155,398885,0.723451621394638,0.137317773293054,0.108274314652093,0.0226832295022375,0.00651064843250561,"CVAP",2022,0.398811318336462,0.592207699250583,"R",19,19,17676,18,22
"Senate",21,342811,40303,22182,9194,2392,232,417378,0.821344201179746,0.0965623487582,0.0531460690309504,0.0220279938089693,0.00628686706055422,"CVAP",2022,0.395116492170408,0.595350768727803,"R",20,20,1664,16,25
"Senate",22,375179,32833,19021,7594,2279,188,437317,0.857910851853461,0.0750782613070153,0.043494764667278,0.0173649778078602,0.00564121678324876,"CVAP",2022,0.413234721129945,0.57971181359295,"R",17,17,18057,22,20
"Senate",23,255353,79786,45200,16925,2490,288,401412,0.636136936613753,0.198763365320419,0.112602513128656,0.0421636622721792,0.00692057038653553,"CVAP",2022,0.40197654536419,0.587430825690394,"R",19,19,16595,19,23
"Senate",24,164808,83264,88859,8286,1618,234,347429,0.474364546425313,0.23965759910658,0.2557616088467,0.0238494771593621,0.00533058552970535,"CVAP",2022,0.571016899356672,0.420590130161932,"D",15,-15,15147,35,7
"Senate",25,113627,179287,35519,13347,1659,509,345508,0.32886937494935,0.518908389964921,0.102802250599118,0.0386300751357422,0.00627481852808039,"CVAP",2022,0.536419785147756,0.452651254240638,"D",8,-8,14986,30,11
"Senate",26,278007,56585,60991,11284,1787,120,410123,0.677862494910064,0.137970803880787,0.148713922408643,0.0275136971103791,0.00464982456482567,"CVAP",2022,0.548840390757077,0.445503401241534,"D",10,-10,12363,31,10
"Senate",27,313127,58035,35067,6530,2656,333,416617,0.751594390051294,0.139300604632072,0.0841708331633131,0.0156738683251044,0.00717445519505925,"CVAP",2022,0.31969872244583,0.672672726671156,"R",35,35,12360,4,37
"Senate",28,267419,83055,28447,6111,1912,92,387613,0.689912361040522,0.214272999099617,0.0733902113706197,0.0157657250917797,0.00517010523382859,"CVAP",2022,0.335031934030719,0.659315143481619,"R",32,32,12387,6,36
"Senate",29,298230,56436,54789,6617,3721,42,420236,0.709672660124311,0.134295967028051,0.130376740688565,0.015745914200592,0.00895449223769501,"CVAP",2022,0.364933044154152,0.627723619062177,"R",26,26,19064,11,30
"Senate",30,193531,74679,77299,14001,1559,59,362264,0.534226420511009,0.206145242143851,0.213377536823974,0.0386486098535874,0.00446635602764834,"CVAP",2022,0.564121569280211,0.428929777806446,"D",14,-14,19940,33,8
"Senate",31,302963,56757,41386,9716,1913,234,413498,0.732683108503548,0.137260639712889,0.100087545768057,0.0234970906751665,0.00519228629884546,"CVAP",2022,0.404526846925941,0.589120835021673,"R",18,18,12379,20,21
"Senate",32,106169,77829,159498,10862,1966,196,357557,0.29692888126928,0.217668791269644,0.446077128961257,0.0303783732383928,0.00604658837611905,"CVAP",2022,0.72125532723692,0.271038923854608,"D",45,-45,23121,39,2
"Senate",33,326632,57097,25626,7090,2043,88,419217,0.779147792193542,0.136199152229037,0.0611282462304725,0.0169124820796867,0.00508328622169425,"CVAP",2022,0.354229887810912,0.639941353802735,"R",29,29,23321,9,32
"Senate",34,41221,108412,177205,4390,1051,182,332883,0.123830294728178,0.325675988260139,0.532334183481884,0.0131878167404163,0.003704004109552,"CVAP",2022,0.752710271790062,0.237969050974461,"D",51,-51,16026,40,1
"Senate",35,116995,147173,76231,19857,1603,214,363745,0.321640160002199,0.404604874293805,0.209572640173748,0.0545904411057197,0.00499525766677205,"CVAP",2022,0.575117366604484,0.417886340237782,"D",16,-16,18406,36,5
"Senate",36,48227,238996,17443,5358,588,58,311144,0.154998971537295,0.768120227290258,0.0560608592805903,0.0172203224230581,0.002076209086468,"CVAP",2022,0.450305437474535,0.542090438974688,"R",9,9,21775,24,18
"Senate",37,201400,103021,54345,7389,1753,435,368847,0.54602585896049,0.279305511499348,0.147337513928539,0.020032696483908,0.0059319989046949,"CVAP",2022,0.527292029912521,0.46585789425487,"D",6,-6,20632,29,12
"Senate",38,73729,214893,44747,7750,895,75,343405,0.214699844207277,0.625771319578923,0.13030386860995,0.0225681047160059,0.00282465310639041,"CVAP",2022,0.490076696558829,0.502806753876823,"R",1,1,23320,28,13
"Senate",39,16465,268215,12856,2992,287,24,301200,0.0546646746347942,0.890488047808765,0.0426826029216467,0.009933598937583,0.00103253652058433,"CVAP",2022,0.344759909786001,0.649000254772515,"R",30,30,17173,8,34
"Senate",40,82624,238688,25654,5748,1024,149,354498,0.233073247239759,0.673312684415709,0.0723671219583749,0.0162144779378163,0.00330890442259195,"CVAP",2022,0.395878593906404,0.597022980059069,"R",20,20,20905,17,26
