,last_name,district_number,mfh_member_id
0,Abbott,5,4864
1,Altman,32,4329
2,Alvarez,69,4889
3,Amesty,45,4876
4,Anderson,57,4885
5,Andrade,2,4710
6,Antone,41,4269
7,Arrington,46,4774
8,Baker,17,4866
9,Bankson,39,4873
10,Barnaby,29,4770
11,Bartleman,103,4793
12,Basabe,106,4900
13,Bell,49,4753
14,Beltran,70,4747
15,Benjamin,107,4795
16,Berfield,58,4210
17,Black,15,4865
18,Borrero,111,4794
19,Botana,80,4782
20,Brackett,34,4870
21,Bracy Davis,40,4874
22,Brannan III,10,4708
23,Buchanan,74,4731
24,Busatta Cabrera,114,4800
25,Campbell,99,4843
26,Canady,50,4879
27,Caruso,87,4754
28,Casello,90,4750
29,Cassel,101,4895
30,Chamberlin,24,4901
31,Chambliss,117,4798
32,Chaney,61,4778
33,Clemons,22,4655
34,Cross,60,4887
35,Daley,96,4757
36,Daniels,14,4652
37,Driskell,67,4745
38,Duggan,12,4712
39,Dunkley,97,4893
40,Edmonds,88,4842
41,Eskamani,42,4746
42,Esposito,77,4892
43,Fabricio,110,4792
44,Fine,33,4646
45,Franklin II,8,4863
46,Gantt,109,4897
47,Garcia,115,4899
48,Garrison,11,4767
49,Giallombardo,79,4783
50,Gonzalez Pittman,65,4888
51,Gossett-Seidman,91,4891
52,Gottlieb,102,4724
53,Grant,75,4349
54,Griffitts,6,4862
55,Harris,44,4877
56,Hart,63,4736
57,Hinson,21,4768
58,Holcomb,53,4890
59,Hunschofsky,95,4799
60,Jacques,59,4886
61,Joseph,108,4716
62,Keen,35,4903
63,Killebrew,48,4644
64,Koster,66,4779
65,LaMarca,100,4722
66,Leek,28,4662
67,López,43,4875
68,Lopez,113,4896
69,Maggard,54,4758
70,Maney,4,4764
71,Massullo,23,4624
72,McClain,27,4658
73,McClure,68,4686
74,McFarland,73,4780
75,Melo,82,4784
76,Michael,16,4869
77,Mooney,120,4797
78,Nixon,13,4766
79,Overdorf,85,4728
80,Payne,20,4653
81,Pending,72,4904
82,Perez,116,4690
83,Persons-Mulicka,78,4785
84,Plakon,36,4871
85,Plasencia,37,4872
86,Porras,119,4898
87,Rayner,62,4781
88,Redondo,118,4902
89,Renner,19,4619
90,Rizo,112,4796
91,Roach,76,4729
92,Robinson,104,4791
93,Robinson ,71,4733
94,Rommel,81,4634
95,Roth,94,4648
96,Rudman,3,4861
97,Salzman,1,4763
98,Shoaf,7,4756
99,Silvers,89,4627
100,Sirois,31,4748
101,Skidmore,92,4786
102,Smith,38,4718
103,Snyder,86,4787
104,Stark,47,4878
105,Steele,55,4881
106,Stevenson,18,4620
107,Tant,9,4765
108,Temple,52,4880
109,Tomkow,51,4704
110,Trabulsy,84,4788
111,Tramont,30,4867
112,Truenow,26,4772
113,Tuck,83,4776
114,Valdés,64,4752
115,Waldron,93,4894
116,Williams,98,4629
117,Woodson,105,4789
118,Yarkosky,25,4868
119,Yeager,56,4882
120,Fernandez-Barquin,118,4709
121,Gregory,72,4732
122,Harding,24,4769
123,Hawkins,35,4773
